station_name,pref_cd,address,post_title,post_name,prefecture
東京,13,東京都千代田区丸の内一丁目,東京駅,東京,東京都
新橋,13,東京都港区新橋二丁目17,新橋駅,新橋,東京都
品川,13,東京都港区高輪三丁目26-27,品川駅,品川,東京都
大崎,13,東京都品川区大崎一丁目21-4,大崎駅,大崎,東京都
五反田,13,東京都品川区東五反田一丁目26,五反田駅,五反田,東京都
目黒,13,東京都品川区上大崎二丁目16-9,目黒駅,目黒,東京都
恵比寿,13,東京都渋谷区恵比寿南一丁目5-5,恵比寿駅,恵比寿,東京都
渋谷,13,東京都渋谷区道玄坂一丁目1-1,渋谷駅,渋谷,東京都
原宿,13,東京都渋谷区神宮前一丁目18,原宿駅,原宿,東京都
代々木,13,東京都渋谷区代々木一丁目34-1,代々木駅,代々木,東京都
新宿,13,東京都新宿区新宿三丁目38-1,新宿駅,新宿,東京都
新大久保,13,東京都新宿区百人町一丁目10-15,新大久保駅,新大久保,東京都
高田馬場,13,東京都新宿区高田馬場一丁目35-1,高田馬場駅,高田馬場,東京都
目白,13,東京都豊島区目白三丁目3-1,目白駅,目白,東京都
池袋,13,東京都豊島区南池袋一丁目28-2,池袋駅,池袋,東京都
大塚,13,東京都豊島区南大塚三丁目33-1,大塚駅,大塚,東京都
巣鴨,13,東京都豊島区巣鴨一丁目16-1,巣鴨駅,巣鴨,東京都
駒込,13,東京都豊島区駒込二丁目1-1,駒込駅,駒込,東京都
田端,13,東京都北区東田端一丁目17-1,田端駅,田端,東京都
西日暮里,13,東京都荒川区西日暮里五丁目22-1,西日暮里駅,西日暮里,東京都
日暮里,13,東京都荒川区西日暮里二丁目19-1,日暮里駅,日暮里,東京都
鶯谷,13,東京都台東区根岸一丁目4-1,鶯谷駅,鶯谷,東京都
上野,13,東京都台東区上野七丁目1-1,上野駅,上野,東京都
御徒町,13,東京都台東区上野五丁目27,御徒町駅,御徒町,東京都
秋葉原,13,東京都千代田区外神田一丁目17,秋葉原駅,秋葉原,東京都
神田,13,東京都千代田区鍛冶町二丁目13-1,神田駅,神田,東京都
東京,13,東京都千代田区丸の内一丁目9-1,東京駅,東京,東京都
有楽町,13,東京都千代田区有楽町二丁目9,有楽町駅,有楽町,東京都
新橋,13,東京都港区新橋二丁目17,新橋駅,新橋,東京都
浜松町,13,東京都港区海岸一丁目3-1,浜松町駅,浜松町,東京都
田町,13,東京都港区芝五丁目33-36,田町駅,田町,東京都
高輪ゲートウェイ,13,港区港南二丁目10-145,高輪ゲートウェイ駅,高輪ゲートウェイ,東京都
品川,13,東京都港区高輪三丁目26-26,品川駅,品川,東京都
矢野口,13,稲城市矢野口,矢野口駅,矢野口,東京都
稲城長沼,13,稲城市東長沼,稲城長沼駅,稲城長沼,東京都
南多摩,13,稲城市大丸,南多摩駅,南多摩,東京都
府中本町,13,府中市本町１丁目,府中本町駅,府中本町,東京都
分倍河原,13,府中市片町２丁目,分倍河原駅,分倍河原,東京都
西府,13,東京都府中市本宿町一丁目40-6,西府駅,西府,東京都
谷保,13,国立市谷保町,谷保駅,谷保,東京都
矢川,13,国立市谷保石田,矢川駅,矢川,東京都
西国立,13,立川市羽衣町１丁目,西国立駅,西国立,東京都
立川,13,東京都立川市曙町二丁目1-1,立川駅,立川,東京都
府中本町,13,府中市本町１丁目,府中本町駅,府中本町,東京都
北府中,13,府中市晴見町２丁目,北府中駅,北府中,東京都
西国分寺,13,国分寺市西恋ケ窪２丁目,西国分寺駅,西国分寺,東京都
新小平,13,小平市小川町２丁目,新小平駅,新小平,東京都
新秋津,13,東村山市秋津町５丁目,新秋津駅,新秋津,東京都
成瀬,13,町田市南成瀬１丁目,成瀬駅,成瀬,東京都
町田,13,町田市原町田１丁目,町田駅,町田,東京都
相原,13,町田市相原町,相原駅,相原,東京都
八王子みなみ野,13,八王子市宇津貫町,八王子みなみ野駅,八王子みなみ野,東京都
片倉,13,八王子市片倉町,片倉駅,片倉,東京都
八王子,13,東京都八王子市旭町1-1,八王子駅,八王子,東京都
東京,13,東京都千代田区丸の内一丁目,東京駅,東京,東京都
新橋,13,東京都港区新橋二丁目17,新橋駅,新橋,東京都
品川,13,東京都港区高輪三丁目26-26,品川駅,品川,東京都
西大井,13,品川区西大井１丁目,西大井駅,西大井,東京都
東京,13,東京都千代田区丸の内一丁目,東京駅,東京,東京都
四ツ谷,13,東京都新宿区四谷一丁目,四ツ谷駅,四ツ谷,東京都
新宿,13,東京都新宿区新宿三丁目38-1,新宿駅,新宿,東京都
吉祥寺,13,東京都武蔵野市吉祥寺南町,吉祥寺駅,吉祥寺,東京都
三鷹,13,東京都三鷹市下連雀三丁目46-1,三鷹駅,三鷹,東京都
国分寺,13,東京都国分寺市本町二丁目1-23,国分寺駅,国分寺,東京都
立川,13,東京都立川市曙町二丁目1-1,立川駅,立川,東京都
日野,13,日野市大坂上１丁目,日野駅,日野,東京都
豊田,13,日野市豊田４丁目,豊田駅,豊田,東京都
八王子,13,東京都八王子市旭町1-1,八王子駅,八王子,東京都
西八王子,13,八王子市千人町２丁目,西八王子駅,西八王子,東京都
高尾,13,八王子市高尾町,高尾駅,高尾,東京都
東京,13,東京都千代田区丸の内一丁目,東京駅,東京,東京都
神田,13,東京都千代田区鍛冶町二丁目13-1,神田駅,神田,東京都
御茶ノ水,13,千代田区神田駿河台二丁目6-1,御茶ノ水駅,御茶ノ水,東京都
四ツ谷,13,東京都新宿区四谷一丁目,四ツ谷駅,四ツ谷,東京都
新宿,13,東京都新宿区新宿三丁目38-1,新宿駅,新宿,東京都
中野,13,中野区中野５丁目,中野駅,中野,東京都
高円寺,13,杉並区高円寺南４丁目,高円寺駅,高円寺,東京都
阿佐ケ谷,13,東京都杉並区阿佐谷南三丁目36-3,阿佐ケ谷駅,阿佐ケ谷,東京都
荻窪,13,杉並区上荻１丁目,荻窪駅,荻窪,東京都
西荻窪,13,杉並区西荻南３丁目,西荻窪駅,西荻窪,東京都
吉祥寺,13,東京都武蔵野市吉祥寺南町,吉祥寺駅,吉祥寺,東京都
三鷹,13,東京都三鷹市下連雀三丁目46-1,三鷹駅,三鷹,東京都
武蔵境,13,武蔵野市境１丁目,武蔵境駅,武蔵境,東京都
東小金井,13,小金井市梶野町５丁目,東小金井駅,東小金井,東京都
武蔵小金井,13,小金井市本町６丁目,武蔵小金井駅,武蔵小金井,東京都
国分寺,13,東京都国分寺市本町二丁目1-23,国分寺駅,国分寺,東京都
西国分寺,13,国分寺市西恋ケ窪２丁目,西国分寺駅,西国分寺,東京都
国立,13,国立市北１丁目,国立駅,国立,東京都
立川,13,東京都立川市曙町二丁目1-1,立川駅,立川,東京都
日野,13,日野市大坂上１丁目,日野駅,日野,東京都
豊田,13,日野市豊田４丁目,豊田駅,豊田,東京都
八王子,13,東京都八王子市旭町1-1,八王子駅,八王子,東京都
西八王子,13,八王子市千人町２丁目,西八王子駅,西八王子,東京都
高尾,13,八王子市高尾町,高尾駅,高尾,東京都
三鷹,13,東京都三鷹市下連雀三丁目46-1,三鷹駅,三鷹,東京都
吉祥寺,13,東京都武蔵野市吉祥寺南町,吉祥寺駅,吉祥寺,東京都
西荻窪,13,杉並区西荻南３丁目,西荻窪駅,西荻窪,東京都
荻窪,13,杉並区上荻１丁目,荻窪駅,荻窪,東京都
阿佐ケ谷,13,東京都杉並区阿佐谷南三丁目36-2,阿佐ケ谷駅,阿佐ケ谷,東京都
高円寺,13,杉並区高円寺南４丁目,高円寺駅,高円寺,東京都
中野,13,中野区中野５丁目,中野駅,中野,東京都
東中野,13,中野区東中野４丁目,東中野駅,東中野,東京都
大久保,13,新宿区百人町１丁目,大久保駅,大久保,東京都
新宿,13,東京都新宿区新宿三丁目38-1,新宿駅,新宿,東京都
代々木,13,東京都渋谷区代々木一丁目34-1,代々木駅,代々木,東京都
千駄ケ谷,13,東京都渋谷区千駄ヶ谷一丁目35-10,千駄ケ谷駅,千駄ケ谷,東京都
信濃町,13,新宿区信濃町,信濃町駅,信濃町,東京都
四ツ谷,13,東京都新宿区四谷一丁目,四ツ谷駅,四ツ谷,東京都
市ケ谷,13,千代田区五番町2-1,市ケ谷駅,市ケ谷,東京都
飯田橋,13,東京都千代田区飯田橋四丁目10-2,飯田橋駅,飯田橋,東京都
水道橋,13,千代田区神田三崎町二丁目22-1,水道橋駅,水道橋,東京都
御茶ノ水,13,千代田区神田駿河台二丁目6-1,御茶ノ水駅,御茶ノ水,東京都
秋葉原,13,東京都千代田区外神田一丁目17-6,秋葉原駅,秋葉原,東京都
浅草橋,13,台東区浅草橋１丁目,浅草橋駅,浅草橋,東京都
両国,13,墨田区横網１丁目,両国駅,両国,東京都
錦糸町,13,墨田区江東橋３丁目,錦糸町駅,錦糸町,東京都
亀戸,13,江東区亀戸５丁目,亀戸駅,亀戸,東京都
平井,13,江戸川区平井３丁目,平井駅,平井,東京都
新小岩,13,葛飾区新小岩１丁目,新小岩駅,新小岩,東京都
小岩,13,江戸川区南小岩７丁目,小岩駅,小岩,東京都
東京,13,東京都千代田区丸の内一丁目,東京駅,東京,東京都
新日本橋,13,中央区日本橋室町４丁目,新日本橋駅,新日本橋,東京都
馬喰町,13,中央区日本橋馬喰町１丁目,馬喰町駅,馬喰町,東京都
錦糸町,13,墨田区江東橋３丁目,錦糸町駅,錦糸町,東京都
新小岩,13,葛飾区新小岩１丁目,新小岩駅,新小岩,東京都
立川,13,東京都立川市曙町二丁目1-1,立川駅,立川,東京都
西立川,13,立川市富士見町１丁目,西立川駅,西立川,東京都
東中神,13,昭島市玉川町１丁目,東中神駅,東中神,東京都
中神,13,昭島市朝日町１丁目,中神駅,中神,東京都
昭島,13,昭島市昭和町２丁目,昭島駅,昭島,東京都
拝島,13,昭島市松原町４丁目,拝島駅,拝島,東京都
牛浜,13,福生市牛浜,牛浜駅,牛浜,東京都
福生,13,福生市本町,福生駅,福生,東京都
羽村,13,羽村市羽東１丁目,羽村駅,羽村,東京都
小作,13,羽村市小作台,小作駅,小作,東京都
河辺,13,青梅市河辺町５丁目,河辺駅,河辺,東京都
東青梅,13,青梅市東青梅１丁目,東青梅駅,東青梅,東京都
青梅,13,青梅市青梅,青梅駅,青梅,東京都
宮ノ平,13,青梅市日向和田２丁目,宮ノ平駅,宮ノ平,東京都
日向和田,13,青梅市日向和田３丁目,日向和田駅,日向和田,東京都
石神前,13,青梅市二俣尾１丁目,石神前駅,石神前,東京都
二俣尾,13,青梅市二俣尾４丁目,二俣尾駅,二俣尾,東京都
軍畑,13,青梅市沢井１丁目,軍畑駅,軍畑,東京都
沢井,13,青梅市沢井２丁目,沢井駅,沢井,東京都
御嶽,13,青梅市御岳本町,御嶽駅,御嶽,東京都
川井,13,西多摩郡奥多摩町川井,川井駅,川井,東京都
古里,13,西多摩郡奥多摩町小丹波,古里駅,古里,東京都
鳩ノ巣,13,西多摩郡奥多摩町棚沢,鳩ノ巣駅,鳩ノ巣,東京都
白丸,13,西多摩郡奥多摩町白丸,白丸駅,白丸,東京都
奥多摩,13,西多摩郡奥多摩町氷川,奥多摩駅,奥多摩,東京都
拝島,13,昭島市松原町４丁目,拝島駅,拝島,東京都
熊川,13,福生市熊川北,熊川駅,熊川,東京都
東秋留,13,あきる野市野辺,東秋留駅,東秋留,東京都
秋川,13,あきる野市油平,秋川駅,秋川,東京都
武蔵引田,13,あきる野市下引田,武蔵引田駅,武蔵引田,東京都
武蔵増戸,13,あきる野市伊奈,武蔵増戸駅,武蔵増戸,東京都
武蔵五日市,13,あきる野市舘谷,武蔵五日市駅,武蔵五日市,東京都
八王子,13,東京都八王子市旭町1-1,八王子駅,八王子,東京都
北八王子,13,八王子市石川町,北八王子駅,北八王子,東京都
小宮,13,八王子市小宮町,小宮駅,小宮,東京都
拝島,13,昭島市松原町４丁目,拝島駅,拝島,東京都
東福生,13,福生市武蔵野台１丁目,東福生駅,東福生,東京都
箱根ケ崎,13,東京都西多摩郡瑞穂町大字箱根ケ崎397,箱根ケ崎駅,箱根ケ崎,東京都
東京,13,東京都千代田区丸の内一丁目9-1,東京駅,東京,東京都
上野,13,東京都台東区上野七丁目1-1,上野駅,上野,東京都
尾久,13,北区昭和町１丁目,尾久駅,尾久,東京都
赤羽,13,北区赤羽１丁目,赤羽駅,赤羽,東京都
上野,13,東京都台東区上野七丁目1-1,上野駅,上野,東京都
日暮里,13,東京都荒川区西日暮里二丁目,日暮里駅,日暮里,東京都
三河島,13,荒川区西日暮里１丁目,三河島駅,三河島,東京都
南千住,13,荒川区南千住４丁目,南千住駅,南千住,東京都
北千住,13,足立区千住旭町,北千住駅,北千住,東京都
綾瀬,13,足立区綾瀬３丁目,綾瀬駅,綾瀬,東京都
亀有,13,葛飾区亀有３,亀有駅,亀有,東京都
金町,13,葛飾区金町６丁目,金町駅,金町,東京都
大崎,13,東京都品川区大崎一丁目21-4,大崎駅,大崎,東京都
恵比寿,13,東京都渋谷区恵比寿南一丁目5-5,恵比寿駅,恵比寿,東京都
渋谷,13,東京都渋谷区道玄坂一丁目1-1,渋谷駅,渋谷,東京都
新宿,13,東京都新宿区新宿三丁目38-1,新宿駅,新宿,東京都
池袋,13,東京都豊島区,池袋駅,池袋,東京都
板橋,13,板橋区板橋１丁目,板橋駅,板橋,東京都
十条,13,北区上十条１丁目,十条駅,十条,東京都
赤羽,13,北区赤羽１丁目,赤羽駅,赤羽,東京都
北赤羽,13,北区赤羽北２丁目,北赤羽駅,北赤羽,東京都
浮間舟渡,13,北区浮間４丁目,浮間舟渡駅,浮間舟渡,東京都
上野,13,東京都台東区上野七丁目1-1,上野駅,上野,東京都
尾久,13,北区昭和町１丁目,尾久駅,尾久,東京都
赤羽,13,北区赤羽１丁目,赤羽駅,赤羽,東京都
東京,13,東京都千代田区丸の内一丁目,東京駅,東京,東京都
八丁堀,13,中央区八丁堀３丁目,八丁堀駅,八丁堀,東京都
越中島,13,江東区越中島２丁目,越中島駅,越中島,東京都
潮見,13,江東区潮見２丁目,潮見駅,潮見,東京都
新木場,13,東京都江東区新木場一丁目5,新木場駅,新木場,東京都
葛西臨海公園,13,江戸川区臨海町６丁目,葛西臨海公園駅,葛西臨海公園,東京都
池袋,13,東京都豊島区南池袋一丁目28-2,池袋駅,池袋,東京都
新宿,13,東京都新宿区新宿三丁目38-1,新宿駅,新宿,東京都
高尾,13,八王子市高尾町,高尾駅,高尾,東京都
八王子,13,東京都八王子市旭町1-1,八王子駅,八王子,東京都
立川,13,東京都立川市曙町二丁目1-1,立川駅,立川,東京都
国分寺,13,東京都国分寺市本町二丁目,国分寺駅,国分寺,東京都
三鷹,13,東京都三鷹市下連雀三丁目46-1,三鷹駅,三鷹,東京都
吉祥寺,13,東京都武蔵野市吉祥寺南町,吉祥寺駅,吉祥寺,東京都
渋谷,13,東京都渋谷区道玄坂一丁目1-1,渋谷駅,渋谷,東京都
品川,13,東京都港区高輪三丁目26-26,品川駅,品川,東京都
東京,13,東京都千代田区丸の内一丁目,東京駅,東京,東京都
赤羽,13,北区赤羽１丁目,赤羽駅,赤羽,東京都
東十条,13,北区東十条３丁目,東十条駅,東十条,東京都
王子,13,北区王子１丁目,王子駅,王子,東京都
上中里,13,北区上中里１丁目,上中里駅,上中里,東京都
田端,13,東京都北区東田端一丁目17-1,田端駅,田端,東京都
西日暮里,13,東京都荒川区西日暮里五丁目22-1,西日暮里駅,西日暮里,東京都
日暮里,13,東京都荒川区西日暮里二丁目,日暮里駅,日暮里,東京都
鶯谷,13,東京都台東区根岸一丁目4-1,鶯谷駅,鶯谷,東京都
上野,13,東京都台東区上野七丁目1-1,上野駅,上野,東京都
御徒町,13,東京都台東区上野五丁目27,御徒町駅,御徒町,東京都
秋葉原,13,東京都千代田区外神田一丁目17-6,秋葉原駅,秋葉原,東京都
神田,13,東京都千代田区鍛冶町二丁目13-1,神田駅,神田,東京都
東京,13,東京都千代田区丸の内一丁目,東京駅,東京,東京都
有楽町,13,東京都千代田区有楽町二丁目9-17,有楽町駅,有楽町,東京都
新橋,13,東京都港区新橋二丁目17,新橋駅,新橋,東京都
浜松町,13,東京都港区海岸一丁目3-1,浜松町駅,浜松町,東京都
田町,13,東京都港区芝五丁目33-36,田町駅,田町,東京都
高輪ゲートウェイ,13,港区港南二丁目10-145,高輪ゲートウェイ駅,高輪ゲートウェイ,東京都
品川,13,東京都港区高輪三丁目26-26,品川駅,品川,東京都
大井町,13,品川区大井１丁目,大井町駅,大井町,東京都
大森,13,大田区大森北１丁目,大森駅,大森,東京都
蒲田,13,大田区蒲田５丁目,蒲田駅,蒲田,東京都
赤羽,13,北区赤羽１丁目,赤羽駅,赤羽,東京都
池袋,13,東京都豊島区南池袋一丁目28-2,池袋駅,池袋,東京都
新宿,13,東京都新宿区新宿三丁目38-1,新宿駅,新宿,東京都
渋谷,13,東京都渋谷区道玄坂一丁目1-1,渋谷駅,渋谷,東京都
恵比寿,13,東京都渋谷区恵比寿南一丁目5-5,恵比寿駅,恵比寿,東京都
大崎,13,東京都品川区大崎一丁目21-4,大崎駅,大崎,東京都
西大井,13,品川区西大井１丁目,西大井駅,西大井,東京都
東京,13,東京都千代田区丸の内一丁目9-1,東京駅,東京,東京都
上野,13,東京都台東区上野七丁目1-1,上野駅,上野,東京都
池袋,13,東京都豊島区西池袋一丁目1-21,池袋駅,池袋,東京都
北池袋,13,豊島区池袋本町１-３６-６,北池袋駅,北池袋,東京都
下板橋,13,豊島区池袋本町４-４３-１１,下板橋駅,下板橋,東京都
大山,13,板橋区大山町４-１,大山駅,大山,東京都
中板橋,13,板橋区弥生町３３-１,中板橋駅,中板橋,東京都
ときわ台,13,板橋区常盤台１-４３-１,ときわ台駅,ときわ台,東京都
上板橋,13,板橋区上板橋２-３６-７,上板橋駅,上板橋,東京都
東武練馬,13,板橋区徳丸２-２-１４,東武練馬駅,東武練馬,東京都
下赤塚,13,板橋区赤塚新町１-２３-１,下赤塚駅,下赤塚,東京都
成増,13,板橋区成増２-１３-１,成増駅,成増,東京都
浅草,13,東京都台東区花川戸一丁目4-1,浅草駅,浅草,東京都
とうきょうスカイツリー,13,墨田区押上１丁目,とうきょうスカイツリー駅,とうきょうスカイツリー,東京都
押上〈スカイツリー前〉,13,墨田区押上一丁目,押上〈スカイツリー前〉駅,押上〈スカイツリー前〉,東京都
曳舟,13,墨田区東向島２丁目,曳舟駅,曳舟,東京都
東向島,13,墨田区東向島４丁目,東向島駅,東向島,東京都
鐘ヶ淵,13,東京都墨田区墨田5丁目,鐘ヶ淵駅,鐘ヶ淵,東京都
堀切,13,足立区千住曙町,堀切駅,堀切,東京都
牛田,13,足立区千住曙町,牛田駅,牛田,東京都
北千住,13,足立区千住旭町,北千住駅,北千住,東京都
小菅,13,足立区足立２丁目,小菅駅,小菅,東京都
五反野,13,足立区足立３丁目,五反野駅,五反野,東京都
梅島,13,足立区梅田７丁目,梅島駅,梅島,東京都
西新井,13,足立区西新井栄町２丁目,西新井駅,西新井,東京都
竹ノ塚,13,足立区竹の塚６丁目,竹ノ塚駅,竹ノ塚,東京都
曳舟,13,墨田区東向島２丁目,曳舟駅,曳舟,東京都
小村井,13,墨田区文花２-２０-１,小村井駅,小村井,東京都
東あずま,13,墨田区立花４-２３-８,東あずま駅,東あずま,東京都
亀戸水神,13,江東区亀戸８-５-１,亀戸水神駅,亀戸水神,東京都
亀戸,13,江東区亀戸５丁目,亀戸駅,亀戸,東京都
西新井,13,足立区西新井栄町２丁目,西新井駅,西新井,東京都
大師前,13,足立区西新井１-３-１,大師前駅,大師前,東京都
池袋,13,東京都豊島区南池袋一丁目28-2,池袋駅,池袋,東京都
椎名町,13,豊島区長崎１-１-２２,椎名町駅,椎名町,東京都
東長崎,13,豊島区長崎５-１-１,東長崎駅,東長崎,東京都
江古田,13,練馬区旭丘１-７８-７,江古田駅,江古田,東京都
桜台,13,練馬区桜台１-５-１,桜台駅,桜台,東京都
練馬,13,練馬区練馬１-３-５,練馬駅,練馬,東京都
中村橋,13,練馬区中村北４-２-１,中村橋駅,中村橋,東京都
富士見台,13,練馬区貫井３-７-４,富士見台駅,富士見台,東京都
練馬高野台,13,練馬区高野台１-７-２７,練馬高野台駅,練馬高野台,東京都
石神井公園,13,練馬区石神井町３-２３-１０,石神井公園駅,石神井公園,東京都
大泉学園,13,練馬区東大泉１-２９-７,大泉学園駅,大泉学園,東京都
保谷,13,西東京市東町３-１４-３０,保谷駅,保谷,東京都
ひばりヶ丘,13,東京都西東京市住吉町三丁目,ひばりヶ丘駅,ひばりヶ丘,東京都
東久留米,13,東久留米市東本町１-８,東久留米駅,東久留米,東京都
清瀬,13,清瀬市元町１-２-４,清瀬駅,清瀬,東京都
秋津,13,東村山市秋津町５-７-８,秋津駅,秋津,東京都
小竹向原,13,東京都練馬区小竹町二丁目16-15,小竹向原駅,小竹向原,東京都
新桜台,13,練馬区桜台１-２８-１１,新桜台駅,新桜台,東京都
練馬,13,練馬区練馬１-３-５,練馬駅,練馬,東京都
練馬,13,練馬区練馬１-３-５,練馬駅,練馬,東京都
豊島園,13,練馬区練馬４-１６-５,豊島園駅,豊島園,東京都
多摩湖,13,東村山市多摩湖町３-１５-１８,多摩湖駅,多摩湖,東京都
西武新宿,13,新宿区歌舞伎町１-３０-１,西武新宿駅,西武新宿,東京都
高田馬場,13,東京都新宿区高田馬場一丁目35-2,高田馬場駅,高田馬場,東京都
下落合,13,新宿区下落合１-１６-１,下落合駅,下落合,東京都
中井,13,新宿区中落合１-１９-１,中井駅,中井,東京都
新井薬師前,13,中野区上高田５-４３-２０,新井薬師前駅,新井薬師前,東京都
沼袋,13,中野区沼袋１-３５-１,沼袋駅,沼袋,東京都
野方,13,中野区野方６-３-３,野方駅,野方,東京都
都立家政,13,中野区鷺宮１-１６-１,都立家政駅,都立家政,東京都
鷺ノ宮,13,中野区鷺宮３-１５-１,鷺ノ宮駅,鷺ノ宮,東京都
下井草,13,杉並区下井草２-４４-１０,下井草駅,下井草,東京都
井荻,13,杉並区下井草５-２３-１５,井荻駅,井荻,東京都
上井草,13,杉並区上井草３-３２-１,上井草駅,上井草,東京都
上石神井,13,練馬区上石神井１-２-４５,上石神井駅,上石神井,東京都
武蔵関,13,練馬区関町北２-２９-１,武蔵関駅,武蔵関,東京都
東伏見,13,西東京市東伏見２-５-１,東伏見駅,東伏見,東京都
西武柳沢,13,西東京市保谷町３-１１-２４,西武柳沢駅,西武柳沢,東京都
田無,13,西東京市田無町４-１-１,田無駅,田無,東京都
花小金井,13,小平市花小金井１-１０-５,花小金井駅,花小金井,東京都
小平,13,小平市美園町１-３４-１,小平駅,小平,東京都
久米川,13,東村山市栄町２-３-１,久米川駅,久米川,東京都
東村山,13,東村山市本町２-３-３２,東村山駅,東村山,東京都
小平,13,小平市美園町１-３４-１,小平駅,小平,東京都
萩山,13,東村山市萩山町２-１-１,萩山駅,萩山,東京都
小川,13,小平市小川東町１-２０-１,小川駅,小川,東京都
東大和市,13,東大和市桜が丘１-１４１５-１,東大和市駅,東大和市,東京都
玉川上水,13,立川市幸町６-３６-１,玉川上水駅,玉川上水,東京都
武蔵砂川,13,立川市上砂町５-４４-４,武蔵砂川駅,武蔵砂川,東京都
西武立川,13,立川市西砂町１-２１-２,西武立川駅,西武立川,東京都
拝島,13,昭島市松原町４丁目,拝島駅,拝島,東京都
東村山,13,東村山市本町２-３-３２,東村山駅,東村山,東京都
西武園,13,東村山市多摩湖町４-２９-１,西武園駅,西武園,東京都
国分寺,13,東京都国分寺市本町二丁目1-23,国分寺駅,国分寺,東京都
恋ヶ窪,13,東京都国分寺市戸倉一丁目1-4,恋ヶ窪駅,恋ヶ窪,東京都
鷹の台,13,小平市たかの台４５-４,鷹の台駅,鷹の台,東京都
小川,13,小平市小川東町１-２０-１,小川駅,小川,東京都
東村山,13,東村山市本町２-３-３２,東村山駅,東村山,東京都
国分寺,13,東京都国分寺市本町二丁目1-23,国分寺駅,国分寺,東京都
一橋学園,13,小平市学園西町２-１-１,一橋学園駅,一橋学園,東京都
青梅街道,13,小平市小川町２-１８４６,青梅街道駅,青梅街道,東京都
萩山,13,東村山市萩山町２-１-１,萩山駅,萩山,東京都
八坂,13,東村山市栄町３-１８-１,八坂駅,八坂,東京都
武蔵大和,13,東村山市廻田町３-９-１９,武蔵大和駅,武蔵大和,東京都
多摩湖,13,東村山市多摩湖町３-１５-１８,多摩湖駅,多摩湖,東京都
武蔵境,13,武蔵野市境１丁目,武蔵境駅,武蔵境,東京都
新小金井,13,小金井市東町４-２４-１,新小金井駅,新小金井,東京都
多磨,13,府中市紅葉丘３-４２-２,多磨駅,多磨,東京都
白糸台,13,府中市白糸台２-７１-６,白糸台駅,白糸台,東京都
競艇場前,13,府中市小柳町４-１０-１１,競艇場前駅,競艇場前,東京都
是政,13,府中市是政５-８-２,是政駅,是政,東京都
京成上野,13,東京都台東区上野公園1-60,京成上野駅,京成上野,東京都
日暮里,13,東京都荒川区西日暮里二丁目,日暮里駅,日暮里,東京都
新三河島,13,荒川区西日暮里６-２-１,新三河島駅,新三河島,東京都
町屋,13,荒川区町屋１丁目,町屋駅,町屋,東京都
千住大橋,13,足立区千住橋戸町１１-１,千住大橋駅,千住大橋,東京都
京成関屋,13,足立区千住曙町２-２,京成関屋駅,京成関屋,東京都
堀切菖蒲園,13,葛飾区堀切５-１-１,堀切菖蒲園駅,堀切菖蒲園,東京都
お花茶屋,13,葛飾区宝町２-３７-１,お花茶屋駅,お花茶屋,東京都
青砥,13,東京都葛飾区青戸三丁目36番1号,青砥駅,青砥,東京都
京成高砂,13,東京都葛飾区高砂五丁目28-1,京成高砂駅,京成高砂,東京都
京成小岩,13,江戸川区北小岩２-１０-９,京成小岩駅,京成小岩,東京都
江戸川,13,江戸川区北小岩３-２４-１５,江戸川駅,江戸川,東京都
押上（スカイツリー前）,13,墨田区押上一丁目,押上（スカイツリー前）駅,押上（スカイツリー前）,東京都
京成曳舟,13,墨田区京島１-３９-１,京成曳舟駅,京成曳舟,東京都
八広,13,墨田区八広６-２５-２０,八広駅,八広,東京都
四ツ木,13,葛飾区四つ木１-１-１,四ツ木駅,四ツ木,東京都
京成立石,13,葛飾区立石４-２４-１,京成立石駅,京成立石,東京都
青砥,13,東京都葛飾区青戸三丁目36番1号,青砥駅,青砥,東京都
京成高砂,13,東京都葛飾区高砂五丁目28-1,京成高砂駅,京成高砂,東京都
京成高砂,13,東京都葛飾区高砂五丁目28-1,京成高砂駅,京成高砂,東京都
柴又,13,葛飾区柴又４-８-１４,柴又駅,柴又,東京都
京成金町,13,葛飾区金町５-３７-９,京成金町駅,京成金町,東京都
京成上野,13,東京都台東区上野公園1-60,京成上野駅,京成上野,東京都
日暮里,13,東京都荒川区西日暮里二丁目19-1,日暮里駅,日暮里,東京都
青砥,13,東京都葛飾区青戸三丁目36番1号,青砥駅,青砥,東京都
京成高砂,13,東京都葛飾区高砂五丁目28-1,京成高砂駅,京成高砂,東京都
新宿,13,東京都新宿区西新宿一丁目1-4,新宿駅,新宿,東京都
笹塚,13,渋谷区笹塚１-５６-７,笹塚駅,笹塚,東京都
代田橋,13,世田谷区大原２-１８-９,代田橋駅,代田橋,東京都
明大前,13,世田谷区松原２-４５-１,明大前駅,明大前,東京都
下高井戸,13,世田谷区松原３-２９-１７,下高井戸駅,下高井戸,東京都
桜上水,13,世田谷区桜上水５-２９-５２,桜上水駅,桜上水,東京都
上北沢,13,世田谷区上北沢４-１４-３,上北沢駅,上北沢,東京都
八幡山,13,杉並区上高井戸１-１-１１,八幡山駅,八幡山,東京都
芦花公園,13,世田谷区南烏山３-１-１６,芦花公園駅,芦花公園,東京都
千歳烏山,13,世田谷区南烏山６-１-１,千歳烏山駅,千歳烏山,東京都
仙川,13,調布市仙川町１-４３,仙川駅,仙川,東京都
つつじヶ丘,13,東京都調布市西つつじヶ丘三丁目35-1,つつじヶ丘駅,つつじヶ丘,東京都
柴崎,13,調布市菊野台２-６７-１１,柴崎駅,柴崎,東京都
国領,13,調布市国領町３-１８-１,国領駅,国領,東京都
布田,13,調布市国領町５-６７-１,布田駅,布田,東京都
調布,13,調布市布田４-３２-１,調布駅,調布,東京都
西調布,13,調布市上石原１-２５-１７,西調布駅,西調布,東京都
飛田給,13,調布市飛田給１-４２-１１,飛田給駅,飛田給,東京都
武蔵野台,13,府中市白糸台４-１８-４,武蔵野台駅,武蔵野台,東京都
多磨霊園,13,府中市清水が丘３-２６-１１,多磨霊園駅,多磨霊園,東京都
東府中,13,府中市清水が丘１-８-３,東府中駅,東府中,東京都
府中,13,府中市宮町１-１-１０,府中駅,府中,東京都
分倍河原,13,府中市片町２丁目,分倍河原駅,分倍河原,東京都
中河原,13,府中市住吉町２-１-１６,中河原駅,中河原,東京都
聖蹟桜ヶ丘,13,東京都多摩市関戸一丁目10-10,聖蹟桜ヶ丘駅,聖蹟桜ヶ丘,東京都
百草園,13,日野市百草２０９,百草園駅,百草園,東京都
高幡不動,13,日野市高幡１３９,高幡不動駅,高幡不動,東京都
南平,13,日野市南平６-９-３１,南平駅,南平,東京都
平山城址公園,13,日野市平山５-１８-１０,平山城址公園駅,平山城址公園,東京都
長沼,13,八王子市長沼町７００,長沼駅,長沼,東京都
北野,13,八王子市打越町３３５-１,北野駅,北野,東京都
京王八王子,13,八王子市明神町３-２７-１,京王八王子駅,京王八王子,東京都
調布,13,調布市布田４-３２-１,調布駅,調布,東京都
京王多摩川,13,調布市多摩川４-４０-１,京王多摩川駅,京王多摩川,東京都
京王よみうりランド,13,東京都稲城市矢野口,京王よみうりランド駅,京王よみうりランド,東京都
稲城,13,稲城市東長沼３１０８,稲城駅,稲城,東京都
京王永山,13,多摩市永山１-１８-１,京王永山駅,京王永山,東京都
京王多摩センター,13,多摩市落合１-１０-２,京王多摩センター駅,京王多摩センター,東京都
京王堀之内,13,八王子市堀之内３-２４-４,京王堀之内駅,京王堀之内,東京都
南大沢,13,八王子市南大沢２-１-６,南大沢駅,南大沢,東京都
多摩境,13,町田市小山町２７１８-１,多摩境駅,多摩境,東京都
北野,13,八王子市打越町３３５-１,北野駅,北野,東京都
京王片倉,13,八王子市片倉町３４-９,京王片倉駅,京王片倉,東京都
山田,13,八王子市緑町４３４,山田駅,山田,東京都
めじろ台,13,八王子市めじろ台１-１００-１,めじろ台駅,めじろ台,東京都
狭間,13,八王子市東浅川町７７３,狭間駅,狭間,東京都
高尾,13,八王子市高尾町,高尾駅,高尾,東京都
高尾山口,13,八王子市高尾町２２４１,高尾山口駅,高尾山口,東京都
東府中,13,府中市清水が丘１-８-３,東府中駅,東府中,東京都
府中競馬正門前,13,府中市八幡町１-１８,府中競馬正門前駅,府中競馬正門前,東京都
高幡不動,13,日野市高幡１３９,高幡不動駅,高幡不動,東京都
多摩動物公園,13,日野市程久保３-３６-３９,多摩動物公園駅,多摩動物公園,東京都
渋谷,13,東京都渋谷区道玄坂一丁目4-1,渋谷駅,渋谷,東京都
神泉,13,渋谷区神泉町４-６,神泉駅,神泉,東京都
駒場東大前,13,目黒区駒場３-９-１,駒場東大前駅,駒場東大前,東京都
池ノ上,13,世田谷区代沢２-４３-８,池ノ上駅,池ノ上,東京都
下北沢,13,世田谷区北沢２丁目,下北沢駅,下北沢,東京都
新代田,13,世田谷区代田５-３０-１８,新代田駅,新代田,東京都
東松原,13,世田谷区松原５-２-６,東松原駅,東松原,東京都
明大前,13,世田谷区松原２-４５-１,明大前駅,明大前,東京都
永福町,13,杉並区永福２-６０-３１,永福町駅,永福町,東京都
西永福,13,杉並区永福３-３６-１,西永福駅,西永福,東京都
浜田山,13,杉並区浜田山３-３１-２,浜田山駅,浜田山,東京都
高井戸,13,杉並区高井戸西２-１-２６,高井戸駅,高井戸,東京都
富士見ヶ丘,13,東京都杉並区久我山五丁目1番25号,富士見ヶ丘駅,富士見ヶ丘,東京都
久我山,13,杉並区久我山４-１-１１,久我山駅,久我山,東京都
三鷹台,13,三鷹市井の頭１-３２-１,三鷹台駅,三鷹台,東京都
井の頭公園,13,三鷹市井の頭３-３５-１２,井の頭公園駅,井の頭公園,東京都
吉祥寺,13,東京都武蔵野市吉祥寺南町,吉祥寺駅,吉祥寺,東京都
新線新宿,13,東京都新宿区西新宿一丁目18,新線新宿駅,新線新宿,東京都
初台,13,渋谷区初台１-５３-７,初台駅,初台,東京都
幡ヶ谷,13,東京都渋谷区幡ヶ谷一丁目,幡ヶ谷駅,幡ヶ谷,東京都
笹塚,13,渋谷区笹塚１-５６-７,笹塚駅,笹塚,東京都
新宿,13,東京都新宿区西新宿一丁目1-3,新宿駅,新宿,東京都
南新宿,13,渋谷区代々木２丁目,南新宿駅,南新宿,東京都
参宮橋,13,渋谷区代々木４丁目,参宮橋駅,参宮橋,東京都
代々木八幡,13,渋谷区代々木５丁目,代々木八幡駅,代々木八幡,東京都
代々木上原,13,渋谷区西原３丁目,代々木上原駅,代々木上原,東京都
東北沢,13,世田谷区北沢３丁目,東北沢駅,東北沢,東京都
下北沢,13,世田谷区北沢２丁目,下北沢駅,下北沢,東京都
世田谷代田,13,世田谷区代田２丁目,世田谷代田駅,世田谷代田,東京都
梅ヶ丘,13,東京都世田谷区梅丘,梅ヶ丘駅,梅ヶ丘,東京都
豪徳寺,13,世田谷区豪徳寺１丁目,豪徳寺駅,豪徳寺,東京都
経堂,13,世田谷区経堂１丁目,経堂駅,経堂,東京都
千歳船橋,13,世田谷区船橋１丁目,千歳船橋駅,千歳船橋,東京都
祖師ヶ谷大蔵,13,東京都世田谷区祖師谷1丁目,祖師ヶ谷大蔵駅,祖師ヶ谷大蔵,東京都
成城学園前,13,世田谷区成城６丁目,成城学園前駅,成城学園前,東京都
喜多見,13,世田谷区喜多見９丁目,喜多見駅,喜多見,東京都
狛江,13,狛江市東和泉１丁目,狛江駅,狛江,東京都
和泉多摩川,13,狛江市東和泉４丁目,和泉多摩川駅,和泉多摩川,東京都
鶴川,13,町田市能ケ谷町,鶴川駅,鶴川,東京都
玉川学園前,13,町田市玉川学園２丁目,玉川学園前駅,玉川学園前,東京都
町田,13,町田市原町田１丁目,町田駅,町田,東京都
小田急永山,13,多摩市永山１丁目,小田急永山駅,小田急永山,東京都
小田急多摩センター,13,多摩市落合１丁目,小田急多摩センター駅,小田急多摩センター,東京都
唐木田,13,多摩市落合,唐木田駅,唐木田,東京都
渋谷,13,東京都渋谷区渋谷二丁目24-1,渋谷駅,渋谷,東京都
代官山,13,渋谷区代官山町１９-４,代官山駅,代官山,東京都
中目黒,13,目黒区上目黒３-４-１,中目黒駅,中目黒,東京都
祐天寺,13,目黒区祐天寺２-１３-３,祐天寺駅,祐天寺,東京都
学芸大学,13,目黒区鷹番３-２-１,学芸大学駅,学芸大学,東京都
都立大学,13,目黒区中根１-５-１,都立大学駅,都立大学,東京都
自由が丘,13,目黒区自由が丘１-３０-１,自由が丘駅,自由が丘,東京都
田園調布,13,大田区田園調布３-２５-１８,田園調布駅,田園調布,東京都
多摩川,13,大田区田園調布１-５３-８,多摩川駅,多摩川,東京都
目黒,13,東京都品川区上大崎四丁目2-1,目黒駅,目黒,東京都
不動前,13,品川区西五反田５-１２-１,不動前駅,不動前,東京都
武蔵小山,13,品川区小山３-４-８,武蔵小山駅,武蔵小山,東京都
西小山,13,品川区小山６-３-１０,西小山駅,西小山,東京都
洗足,13,目黒区洗足２-２１-１,洗足駅,洗足,東京都
大岡山,13,大田区北千束３-２７-１,大岡山駅,大岡山,東京都
奥沢,13,世田谷区奥沢３-４７-１７,奥沢駅,奥沢,東京都
田園調布,13,大田区田園調布３-２５-１８,田園調布駅,田園調布,東京都
多摩川,13,大田区田園調布１-５３-８,多摩川駅,多摩川,東京都
渋谷,13,東京都渋谷区道玄坂二丁目1-1,渋谷駅,渋谷,東京都
池尻大橋,13,世田谷区池尻３-２,池尻大橋駅,池尻大橋,東京都
三軒茶屋,13,世田谷区太子堂４-２１-１,三軒茶屋駅,三軒茶屋,東京都
駒沢大学,13,世田谷区上馬４-３,駒沢大学駅,駒沢大学,東京都
桜新町,13,世田谷区桜新町２-８,桜新町駅,桜新町,東京都
用賀,13,世田谷区用賀２-３９,用賀駅,用賀,東京都
二子玉川,13,世田谷区玉川２-２２-１３,二子玉川駅,二子玉川,東京都
つくし野,13,町田市つくし野４-１,つくし野駅,つくし野,東京都
すずかけ台,13,町田市つくし野３-１,すずかけ台駅,すずかけ台,東京都
南町田グランベリーパーク,13,町田市鶴間３-３-２,南町田グランベリーパーク駅,南町田グランベリーパーク,東京都
大井町,13,品川区大井１丁目,大井町駅,大井町,東京都
下神明,13,品川区西品川１-２９-６,下神明駅,下神明,東京都
戸越公園,13,品川区戸越５-１０-１５,戸越公園駅,戸越公園,東京都
中延,13,品川区中延４-５-５,中延駅,中延,東京都
荏原町,13,品川区中延５-２-１,荏原町駅,荏原町,東京都
旗の台,13,品川区旗の台２-１３-１,旗の台駅,旗の台,東京都
北千束,13,大田区北千束２-１６-１,北千束駅,北千束,東京都
大岡山,13,大田区北千束３-２７-１,大岡山駅,大岡山,東京都
緑が丘,13,目黒区緑が丘３-１-１２,緑が丘駅,緑が丘,東京都
自由が丘,13,目黒区自由が丘１-３０-１,自由が丘駅,自由が丘,東京都
九品仏,13,世田谷区奥沢７-２０-１,九品仏駅,九品仏,東京都
尾山台,13,世田谷区等々力５-５-７,尾山台駅,尾山台,東京都
等々力,13,世田谷区等々力３-１-１,等々力駅,等々力,東京都
上野毛,13,世田谷区上野毛１-２６-６,上野毛駅,上野毛,東京都
二子玉川,13,世田谷区玉川２-２２-１３,二子玉川駅,二子玉川,東京都
五反田,13,東京都品川区東五反田二丁目1-1,五反田駅,五反田,東京都
大崎広小路,13,品川区大崎４-１-１,大崎広小路駅,大崎広小路,東京都
戸越銀座,13,品川区平塚２-１６-１,戸越銀座駅,戸越銀座,東京都
荏原中延,13,品川区中延２-８-１,荏原中延駅,荏原中延,東京都
旗の台,13,品川区旗の台２-１３-１,旗の台駅,旗の台,東京都
長原,13,大田区上池台１-１０-１０,長原駅,長原,東京都
洗足池,13,大田区東雪谷１-１-６,洗足池駅,洗足池,東京都
石川台,13,大田区東雪谷２-２３-１,石川台駅,石川台,東京都
雪が谷大塚,13,大田区南雪谷２-２-１６,雪が谷大塚駅,雪が谷大塚,東京都
御嶽山,13,大田区北嶺町３２-１７,御嶽山駅,御嶽山,東京都
久が原,13,大田区南久が原２-６-１０,久が原駅,久が原,東京都
千鳥町,13,大田区千鳥１-２０-１,千鳥町駅,千鳥町,東京都
池上,13,大田区池上６-３-１０,池上駅,池上,東京都
蓮沼,13,大田区西蒲田７-１７-１,蓮沼駅,蓮沼,東京都
蒲田,13,大田区蒲田５丁目,蒲田駅,蒲田,東京都
多摩川,13,大田区田園調布１-５３-８,多摩川駅,多摩川,東京都
沼部,13,大田区田園調布本町２８-１,沼部駅,沼部,東京都
鵜の木,13,大田区鵜の木２-４-１,鵜の木駅,鵜の木,東京都
下丸子,13,大田区下丸子３-７-１,下丸子駅,下丸子,東京都
武蔵新田,13,大田区矢口１-１８-１,武蔵新田駅,武蔵新田,東京都
矢口渡,13,大田区多摩川１-２０-１５,矢口渡駅,矢口渡,東京都
蒲田,13,大田区蒲田５丁目,蒲田駅,蒲田,東京都
三軒茶屋,13,世田谷区太子堂４-２１-１,三軒茶屋駅,三軒茶屋,東京都
西太子堂,13,世田谷区太子堂４-１０-３,西太子堂駅,西太子堂,東京都
若林,13,世田谷区若林４-３-１５,若林駅,若林,東京都
松陰神社前,13,世田谷区若林４-２１-１６,松陰神社前駅,松陰神社前,東京都
世田谷,13,世田谷区世田谷４-９-６,世田谷駅,世田谷,東京都
上町,13,世田谷区世田谷３-４-３,上町駅,上町,東京都
宮の坂,13,世田谷区宮坂１-２４-７,宮の坂駅,宮の坂,東京都
山下,13,世田谷区豪徳寺１-４４-５,山下駅,山下,東京都
松原,13,世田谷区松原４-１０-８,松原駅,松原,東京都
下高井戸,13,世田谷区松原３-２９-１７,下高井戸駅,下高井戸,東京都
泉岳寺,13,港区高輪２-１６-３４,泉岳寺駅,泉岳寺,東京都
品川,13,東京都港区高輪三丁目26-26,品川駅,品川,東京都
北品川,13,品川区北品川１-１-４,北品川駅,北品川,東京都
新馬場,13,品川区北品川２-１８-１,新馬場駅,新馬場,東京都
青物横丁,13,品川区南品川３-１-２０,青物横丁駅,青物横丁,東京都
鮫洲,13,品川区東大井１-２-２０,鮫洲駅,鮫洲,東京都
立会川,13,品川区東大井２-２３-１,立会川駅,立会川,東京都
大森海岸,13,品川区南大井３-３２-１,大森海岸駅,大森海岸,東京都
平和島,13,大田区大森北６-１３-１１,平和島駅,平和島,東京都
大森町,13,大田区大森西３-２４-７,大森町駅,大森町,東京都
梅屋敷,13,大田区蒲田２-２８-１,梅屋敷駅,梅屋敷,東京都
京急蒲田,13,大田区蒲田４-５０-１０,京急蒲田駅,京急蒲田,東京都
雑色,13,大田区仲六郷２-４２-１,雑色駅,雑色,東京都
六郷土手,13,大田区仲六郷４-２７-１１,六郷土手駅,六郷土手,東京都
京急蒲田,13,大田区蒲田４-５０-１０,京急蒲田駅,京急蒲田,東京都
糀谷,13,大田区西糀谷４-１３-１７,糀谷駅,糀谷,東京都
大鳥居,13,大田区西糀谷３-３７-１８,大鳥居駅,大鳥居,東京都
穴守稲荷,13,大田区羽田４-６-１１,穴守稲荷駅,穴守稲荷,東京都
天空橋,13,大田区羽田空港１-１-２,天空橋駅,天空橋,東京都
羽田空港第3ターミナル,13,東京都大田区羽田空港二丁目6番5号,羽田空港第3ターミナル駅,羽田空港第3ターミナル,東京都
羽田空港第1・第2ターミナル,13,大田区羽田空港３-３-４,羽田空港第1・第2ターミナル駅,羽田空港第1・第2ターミナル,東京都
浅草,13,東京都台東区浅草一丁目1-3,浅草駅,浅草,東京都
田原町,13,台東区西浅草１-１-１８,田原町駅,田原町,東京都
稲荷町,13,台東区東上野３-３３-１１,稲荷町駅,稲荷町,東京都
上野,13,東京都台東区東上野三丁目19-6,上野駅,上野,東京都
上野広小路,13,台東区上野３-２９-３,上野広小路駅,上野広小路,東京都
末広町,13,千代田区外神田４-７-３,末広町駅,末広町,東京都
神田,13,東京都千代田区神田須田町一丁目16,神田駅,神田,東京都
三越前,13,中央区日本橋室町１-８-１,三越前駅,三越前,東京都
日本橋,13,中央区日本橋１丁目,日本橋駅,日本橋,東京都
京橋,13,中央区京橋２-２-１０,京橋駅,京橋,東京都
銀座,13,中央区銀座４-１-２,銀座駅,銀座,東京都
新橋,13,東京都港区新橋二丁目17-5,新橋駅,新橋,東京都
虎ノ門,13,港区虎ノ門１-１-２１,虎ノ門駅,虎ノ門,東京都
溜池山王,13,千代田区永田町２-１１-１,溜池山王駅,溜池山王,東京都
赤坂見附,13,港区赤坂３-１-６,赤坂見附駅,赤坂見附,東京都
青山一丁目,13,港区南青山１-１-１９,青山一丁目駅,青山一丁目,東京都
外苑前,13,港区北青山２-７-１６,外苑前駅,外苑前,東京都
表参道,13,港区北青山３丁目,表参道駅,表参道,東京都
渋谷,13,東京都渋谷区道玄坂一丁目1-1,渋谷駅,渋谷,東京都
池袋,13,東京都豊島区南池袋一丁目28-1,池袋駅,池袋,東京都
新大塚,13,文京区大塚４-５１-５,新大塚駅,新大塚,東京都
茗荷谷,13,文京区小日向４-６-１５,茗荷谷駅,茗荷谷,東京都
後楽園,13,文京区春日１-２-３,後楽園駅,後楽園,東京都
本郷三丁目,13,文京区本郷２-３９-１,本郷三丁目駅,本郷三丁目,東京都
御茶ノ水,13,文京区湯島一丁目5-8,御茶ノ水駅,御茶ノ水,東京都
淡路町,13,千代田区神田淡路町１-２,淡路町駅,淡路町,東京都
大手町,13,千代田区大手町１丁目,大手町駅,大手町,東京都
東京,13,東京都千代田区丸の内一丁目,東京駅,東京,東京都
銀座,13,中央区銀座４-１-２,銀座駅,銀座,東京都
霞ケ関,13,千代田区霞が関２丁目,霞ケ関駅,霞ケ関,東京都
国会議事堂前,13,千代田区永田町１丁目,国会議事堂前駅,国会議事堂前,東京都
赤坂見附,13,港区赤坂３-１-６,赤坂見附駅,赤坂見附,東京都
四ツ谷,13,新宿区四谷１丁目,四ツ谷駅,四ツ谷,東京都
四谷三丁目,13,新宿区四谷３-８,四谷三丁目駅,四谷三丁目,東京都
新宿御苑前,13,新宿区新宿１-８-１,新宿御苑前駅,新宿御苑前,東京都
新宿三丁目,13,新宿区新宿３-１４-１,新宿三丁目駅,新宿三丁目,東京都
新宿,13,東京都新宿区西新宿一丁目西口地下街1号,新宿駅,新宿,東京都
西新宿,13,新宿区西新宿６-７-５１,西新宿駅,西新宿,東京都
中野坂上,13,中野区中央２-１-２,中野坂上駅,中野坂上,東京都
新中野,13,中野区中央４-２-１５,新中野駅,新中野,東京都
東高円寺,13,杉並区和田３-５５-４２,東高円寺駅,東高円寺,東京都
新高円寺,13,杉並区高円寺南２-２０-１,新高円寺駅,新高円寺,東京都
南阿佐ケ谷,13,杉並区阿佐谷南１-１５-７,南阿佐ケ谷駅,南阿佐ケ谷,東京都
荻窪,13,杉並区上荻１丁目,荻窪駅,荻窪,東京都
中野新橋,13,中野区弥生町２-２６-８,中野新橋駅,中野新橋,東京都
中野富士見町,13,中野区弥生町５-２４-４,中野富士見町駅,中野富士見町,東京都
方南町,13,杉並区堀ノ内１-１-１,方南町駅,方南町,東京都
北千住,13,足立区千住旭町,北千住駅,北千住,東京都
南千住,13,荒川区南千住４丁目,南千住駅,南千住,東京都
三ノ輪,13,台東区三ノ輪２-１４-７,三ノ輪駅,三ノ輪,東京都
入谷,13,台東区入谷１-６-４,入谷駅,入谷,東京都
上野,13,東京都台東区東上野三丁目19-6,上野駅,上野,東京都
仲御徒町,13,台東区上野５-２４-１２,仲御徒町駅,仲御徒町,東京都
秋葉原,13,東京都千代田区神田佐久間町一丁目21,秋葉原駅,秋葉原,東京都
小伝馬町,13,中央区日本橋小伝馬町１１-１,小伝馬町駅,小伝馬町,東京都
人形町,13,中央区日本橋人形町２-６-５,人形町駅,人形町,東京都
茅場町,13,中央区日本橋茅場町１-４-６,茅場町駅,茅場町,東京都
八丁堀,13,中央区八丁堀３丁目,八丁堀駅,八丁堀,東京都
築地,13,中央区築地３-１５-１,築地駅,築地,東京都
東銀座,13,中央区銀座４-１２-１５,東銀座駅,東銀座,東京都
銀座,13,中央区銀座４-１-２,銀座駅,銀座,東京都
日比谷,13,千代田区有楽町１丁目,日比谷駅,日比谷,東京都
霞ケ関,13,千代田区霞が関２丁目,霞ケ関駅,霞ケ関,東京都
虎ノ門ヒルズ,13,港区虎ノ門一丁目22-12,虎ノ門ヒルズ駅,虎ノ門ヒルズ,東京都
神谷町,13,港区虎ノ門５-１２-１１,神谷町駅,神谷町,東京都
六本木,13,港区六本木６-１-２５,六本木駅,六本木,東京都
広尾,13,港区南麻布５-１０-２８,広尾駅,広尾,東京都
恵比寿,13,東京都渋谷区恵比寿南一丁目5-5,恵比寿駅,恵比寿,東京都
中目黒,13,目黒区上目黒３-４-１,中目黒駅,中目黒,東京都
中野,13,中野区中野５丁目,中野駅,中野,東京都
落合,13,新宿区上落合２-１３-７,落合駅,落合,東京都
高田馬場,13,東京都新宿区高田馬場一丁目35-1,高田馬場駅,高田馬場,東京都
早稲田,13,東京都新宿区早稲田南町12,早稲田駅,早稲田,東京都
神楽坂,13,新宿区矢来町１１２,神楽坂駅,神楽坂,東京都
飯田橋,13,東京都千代田区飯田橋四丁目10-3,飯田橋駅,飯田橋,東京都
九段下,13,千代田区九段南１-６-１,九段下駅,九段下,東京都
竹橋,13,千代田区一ツ橋１-１-１,竹橋駅,竹橋,東京都
大手町,13,千代田区大手町１丁目,大手町駅,大手町,東京都
日本橋,13,中央区日本橋１丁目,日本橋駅,日本橋,東京都
茅場町,13,中央区日本橋茅場町１-４-６,茅場町駅,茅場町,東京都
門前仲町,13,江東区門前仲町１丁目,門前仲町駅,門前仲町,東京都
木場,13,江東区木場５-５-１,木場駅,木場,東京都
東陽町,13,江東区東陽４-２-１,東陽町駅,東陽町,東京都
南砂町,13,江東区南砂３-１１-８５,南砂町駅,南砂町,東京都
西葛西,13,江戸川区西葛西６-１４-１,西葛西駅,西葛西,東京都
葛西,13,江戸川区中葛西５-４３-１１,葛西駅,葛西,東京都
北綾瀬,13,足立区谷中２丁目,北綾瀬駅,北綾瀬,東京都
綾瀬,13,足立区綾瀬３丁目,綾瀬駅,綾瀬,東京都
北千住,13,足立区千住旭町,北千住駅,北千住,東京都
町屋,13,荒川区町屋１丁目,町屋駅,町屋,東京都
西日暮里,13,東京都荒川区西日暮里五丁目14-1,西日暮里駅,西日暮里,東京都
千駄木,13,文京区千駄木２丁目,千駄木駅,千駄木,東京都
根津,13,文京区根津１丁目,根津駅,根津,東京都
湯島,13,文京区湯島３丁目,湯島駅,湯島,東京都
新御茶ノ水,13,千代田区神田駿河台３丁目,新御茶ノ水駅,新御茶ノ水,東京都
大手町,13,千代田区大手町１丁目,大手町駅,大手町,東京都
二重橋前,13,千代田区丸の内２丁目,二重橋前駅,二重橋前,東京都
日比谷,13,千代田区有楽町１丁目,日比谷駅,日比谷,東京都
霞ケ関,13,千代田区霞が関２丁目,霞ケ関駅,霞ケ関,東京都
国会議事堂前,13,千代田区永田町１丁目,国会議事堂前駅,国会議事堂前,東京都
赤坂,13,港区赤坂５丁目,赤坂駅,赤坂,東京都
乃木坂,13,港区南青山１丁目,乃木坂駅,乃木坂,東京都
表参道,13,港区北青山３丁目,表参道駅,表参道,東京都
明治神宮前〈原宿〉,13,渋谷区神宮前１丁目,明治神宮前〈原宿〉駅,明治神宮前〈原宿〉,東京都
代々木公園,13,渋谷区富ケ谷１丁目,代々木公園駅,代々木公園,東京都
代々木上原,13,渋谷区西原３丁目,代々木上原駅,代々木上原,東京都
地下鉄成増,13,東京都板橋区成増二丁目11-3,地下鉄成増駅,地下鉄成増,東京都
地下鉄赤塚,13,東京都練馬区北町八丁目37-16,地下鉄赤塚駅,地下鉄赤塚,東京都
平和台,13,東京都練馬区早宮2-17-48,平和台駅,平和台,東京都
氷川台,13,東京都練馬区氷川台三丁目38-18,氷川台駅,氷川台,東京都
小竹向原,13,東京都練馬区小竹町二丁目16-15,小竹向原駅,小竹向原,東京都
千川,13,東京都豊島区要町三丁目10-7,千川駅,千川,東京都
要町,13,東京都豊島区要町一丁目1-10,要町駅,要町,東京都
池袋,13,東京都豊島区西池袋三丁目28-14,池袋駅,池袋,東京都
東池袋,13,東京都豊島区東池袋四丁目4-4,東池袋駅,東池袋,東京都
護国寺,13,東京都文京区大塚五丁目40-8,護国寺駅,護国寺,東京都
江戸川橋,13,東京都文京区関口一丁目19-6,江戸川橋駅,江戸川橋,東京都
飯田橋,13,東京都新宿区神楽坂一丁目13,飯田橋駅,飯田橋,東京都
市ケ谷,13,新宿区市谷田町一丁目先,市ケ谷駅,市ケ谷,東京都
麹町,13,東京都千代田区麹町三丁目2,麹町駅,麹町,東京都
永田町,13,東京都千代田区永田町一丁目11-28,永田町駅,永田町,東京都
桜田門,13,東京都千代田区霞が関二丁目1-1,桜田門駅,桜田門,東京都
有楽町,13,東京都千代田区有楽町一丁目11-1,有楽町駅,有楽町,東京都
銀座一丁目,13,東京都中央区銀座一丁目7-12,銀座一丁目駅,銀座一丁目,東京都
新富町,13,東京都中央区築地一丁目1-1,新富町駅,新富町,東京都
月島,13,東京都中央区月島一丁目3-9,月島駅,月島,東京都
豊洲,13,東京都江東区豊洲四丁目1-1,豊洲駅,豊洲,東京都
辰巳,13,東京都江東区辰巳一丁目1-44,辰巳駅,辰巳,東京都
新木場,13,東京都江東区新木場一丁目6,新木場駅,新木場,東京都
渋谷,13,東京都渋谷区道玄坂二丁目1-1,渋谷駅,渋谷,東京都
表参道,13,港区北青山３丁目,表参道駅,表参道,東京都
青山一丁目,13,港区南青山１-１-１９,青山一丁目駅,青山一丁目,東京都
永田町,13,東京都千代田区永田町一丁目11-29,永田町駅,永田町,東京都
半蔵門,13,千代田区麹町１-６,半蔵門駅,半蔵門,東京都
九段下,13,千代田区九段南１-６-１,九段下駅,九段下,東京都
神保町,13,千代田区神田神保町２-２,神保町駅,神保町,東京都
大手町,13,千代田区大手町１丁目,大手町駅,大手町,東京都
三越前,13,中央区日本橋室町１-８-１,三越前駅,三越前,東京都
水天宮前,13,中央区日本橋蛎殻町２-１-１,水天宮前駅,水天宮前,東京都
清澄白河,13,江東区白河１-７-１４,清澄白河駅,清澄白河,東京都
住吉,13,江東区住吉２-２３-１２,住吉駅,住吉,東京都
錦糸町,13,墨田区江東橋３丁目,錦糸町駅,錦糸町,東京都
押上〈スカイツリー前〉,13,墨田区押上一丁目,押上〈スカイツリー前〉駅,押上〈スカイツリー前〉,東京都
赤羽岩淵,13,北区赤羽１-５２-８,赤羽岩淵駅,赤羽岩淵,東京都
志茂,13,北区志茂２-１-１８,志茂駅,志茂,東京都
王子神谷,13,北区王子５-２-１１,王子神谷駅,王子神谷,東京都
王子,13,北区王子１丁目,王子駅,王子,東京都
西ケ原,13,東京都北区西ヶ原二丁目3-8,西ケ原駅,西ケ原,東京都
駒込,13,東京都豊島区駒込二丁目,駒込駅,駒込,東京都
本駒込,13,文京区向丘２-３７-１,本駒込駅,本駒込,東京都
東大前,13,文京区向丘１-１９-２,東大前駅,東大前,東京都
後楽園,13,文京区春日１-２-３,後楽園駅,後楽園,東京都
飯田橋,13,東京都新宿区神楽坂一丁目13,飯田橋駅,飯田橋,東京都
市ケ谷,13,新宿区市谷田町一丁目先,市ケ谷駅,市ケ谷,東京都
四ツ谷,13,新宿区四谷１丁目,四ツ谷駅,四ツ谷,東京都
永田町,13,東京都千代田区永田町一丁目11-28,永田町駅,永田町,東京都
溜池山王,13,千代田区永田町２-１１-１,溜池山王駅,溜池山王,東京都
六本木一丁目,13,港区六本木１-４-１,六本木一丁目駅,六本木一丁目,東京都
麻布十番,13,港区麻布十番４-４-９,麻布十番駅,麻布十番,東京都
白金高輪,13,港区高輪１-３-２０,白金高輪駅,白金高輪,東京都
白金台,13,港区白金台３-２,白金台駅,白金台,東京都
目黒,13,東京都品川区上大崎四丁目2-1,目黒駅,目黒,東京都
地下鉄成増,13,東京都板橋区成増二丁目11-3,地下鉄成増駅,地下鉄成増,東京都
地下鉄赤塚,13,東京都練馬区北町八丁目37-16,地下鉄赤塚駅,地下鉄赤塚,東京都
平和台,13,東京都練馬区早宮2-17-48,平和台駅,平和台,東京都
氷川台,13,東京都練馬区氷川台三丁目38-18,氷川台駅,氷川台,東京都
小竹向原,13,東京都練馬区小竹町二丁目16-15,小竹向原駅,小竹向原,東京都
千川,13,東京都豊島区要町三丁目10-7,千川駅,千川,東京都
要町,13,東京都豊島区要町一丁目1-10,要町駅,要町,東京都
池袋,13,東京都豊島区南池袋一丁目28-1,池袋駅,池袋,東京都
雑司が谷,13,豊島区雑司が谷二丁目,雑司が谷駅,雑司が谷,東京都
西早稲田,13,新宿区西早稲田二丁目,西早稲田駅,西早稲田,東京都
東新宿,13,新宿区新宿７-２７-３,東新宿駅,東新宿,東京都
新宿三丁目,13,新宿区新宿３-１４-１,新宿三丁目駅,新宿三丁目,東京都
北参道,13,渋谷区千駄ヶ谷４丁目,北参道駅,北参道,東京都
明治神宮前〈原宿〉,13,渋谷区神宮前１丁目,明治神宮前〈原宿〉駅,明治神宮前〈原宿〉,東京都
渋谷,13,東京都渋谷区道玄坂二丁目1-1,渋谷駅,渋谷,東京都
新宿,13,東京都新宿区新宿三丁目38-1,新宿駅,新宿,東京都
渋谷,13,東京都渋谷区道玄坂一丁目1-1,渋谷駅,渋谷,東京都
恵比寿,13,東京都渋谷区恵比寿南一丁目5-5,恵比寿駅,恵比寿,東京都
大崎,13,東京都品川区大崎一丁目21-4,大崎駅,大崎,東京都
西大井,13,品川区西大井１丁目,西大井駅,西大井,東京都
都庁前,13,新宿区西新宿２-８-１,都庁前駅,都庁前,東京都
新宿西口,13,新宿区西新宿１-３-１７,新宿西口駅,新宿西口,東京都
東新宿,13,新宿区新宿７-２７-３,東新宿駅,東新宿,東京都
若松河田,13,新宿区河田町１０-１０,若松河田駅,若松河田,東京都
牛込柳町,13,新宿区原町２-３２,牛込柳町駅,牛込柳町,東京都
牛込神楽坂,13,新宿区箪笥町１５,牛込神楽坂駅,牛込神楽坂,東京都
飯田橋,13,東京都文京区後楽一丁目9-5,飯田橋駅,飯田橋,東京都
春日,13,文京区春日１-１６-１７,春日駅,春日,東京都
本郷三丁目,13,文京区本郷２-３９-１,本郷三丁目駅,本郷三丁目,東京都
上野御徒町,13,台東区上野５-２６-６,上野御徒町駅,上野御徒町,東京都
新御徒町,13,台東区元浅草１-５-２,新御徒町駅,新御徒町,東京都
蔵前,13,台東区蔵前２-３-１,蔵前駅,蔵前,東京都
両国,13,墨田区横網１丁目,両国駅,両国,東京都
森下,13,江東区森下２-１７-１７,森下駅,森下,東京都
清澄白河,13,江東区白河１-７-１４,清澄白河駅,清澄白河,東京都
門前仲町,13,江東区門前仲町１丁目,門前仲町駅,門前仲町,東京都
月島,13,東京都中央区月島一丁目3-9,月島駅,月島,東京都
勝どき,13,中央区勝どき２-１０-１５,勝どき駅,勝どき,東京都
築地市場,13,中央区築地５-１-２,築地市場駅,築地市場,東京都
汐留,13,港区東新橋１丁目５,汐留駅,汐留,東京都
大門,13,港区浜松町１-２７-１２,大門駅,大門,東京都
赤羽橋,13,港区東麻布１-２８-１３,赤羽橋駅,赤羽橋,東京都
麻布十番,13,港区麻布十番４-４-９,麻布十番駅,麻布十番,東京都
六本木,13,港区六本木６-１-２５,六本木駅,六本木,東京都
青山一丁目,13,港区南青山１-１-１９,青山一丁目駅,青山一丁目,東京都
国立競技場,13,新宿区霞ケ丘町１０-３,国立競技場駅,国立競技場,東京都
代々木,13,東京都渋谷区代々木一丁目35-5,代々木駅,代々木,東京都
新宿,13,東京都渋谷区代々木二丁目1-1,新宿駅,新宿,東京都
西新宿五丁目,13,新宿区西新宿５-２５-９,西新宿五丁目駅,西新宿五丁目,東京都
中野坂上,13,中野区中央２-１-２,中野坂上駅,中野坂上,東京都
東中野,13,中野区東中野４丁目,東中野駅,東中野,東京都
中井,13,新宿区中落合１-１９-１,中井駅,中井,東京都
落合南長崎,13,新宿区西落合３-１-１８,落合南長崎駅,落合南長崎,東京都
新江古田,13,中野区江原町２-２９-１３,新江古田駅,新江古田,東京都
練馬,13,練馬区練馬１-３-５,練馬駅,練馬,東京都
豊島園,13,練馬区練馬４-１６-５,豊島園駅,豊島園,東京都
練馬春日町,13,練馬区春日町３-２９-２５,練馬春日町駅,練馬春日町,東京都
光が丘,13,練馬区光が丘２-９-５,光が丘駅,光が丘,東京都
西馬込,13,大田区西馬込２-１-６,西馬込駅,西馬込,東京都
馬込,13,大田区北馬込２-３１-９,馬込駅,馬込,東京都
中延,13,品川区中延４-５-５,中延駅,中延,東京都
戸越,13,品川区戸越３-４-１７,戸越駅,戸越,東京都
五反田,13,東京都品川区東五反田一丁目26-14,五反田駅,五反田,東京都
高輪台,13,港区白金台２-２６-７,高輪台駅,高輪台,東京都
泉岳寺,13,港区高輪２-１６-３４,泉岳寺駅,泉岳寺,東京都
三田,13,港区芝５-３４-１０,三田駅,三田,東京都
大門,13,港区浜松町１-２７-１２,大門駅,大門,東京都
新橋,13,東京都港区新橋二丁目21-1,新橋駅,新橋,東京都
東銀座,13,中央区銀座４-１２-１５,東銀座駅,東銀座,東京都
宝町,13,中央区京橋２-１３-１１,宝町駅,宝町,東京都
日本橋,13,中央区日本橋１丁目,日本橋駅,日本橋,東京都
人形町,13,中央区日本橋人形町２-６-５,人形町駅,人形町,東京都
東日本橋,13,中央区東日本橋３-１１-８,東日本橋駅,東日本橋,東京都
浅草橋,13,台東区浅草橋１丁目,浅草橋駅,浅草橋,東京都
蔵前,13,台東区蔵前２-３-１,蔵前駅,蔵前,東京都
浅草,13,東京都台東区駒形一丁目12-14,浅草駅,浅草,東京都
本所吾妻橋,13,墨田区吾妻橋３-７-１６,本所吾妻橋駅,本所吾妻橋,東京都
押上（スカイツリー前）,13,墨田区押上一丁目,押上（スカイツリー前）駅,押上（スカイツリー前）,東京都
目黒,13,東京都品川区上大崎四丁目2-1,目黒駅,目黒,東京都
白金台,13,港区白金台３-２,白金台駅,白金台,東京都
白金高輪,13,港区高輪１-３-２０,白金高輪駅,白金高輪,東京都
三田,13,港区芝５-３４-１０,三田駅,三田,東京都
芝公園,13,港区芝公園４-８-１４,芝公園駅,芝公園,東京都
御成門,13,港区西新橋３-２４-６,御成門駅,御成門,東京都
内幸町,13,千代田区内幸町２-２-３,内幸町駅,内幸町,東京都
日比谷,13,千代田区有楽町１丁目,日比谷駅,日比谷,東京都
大手町,13,千代田区大手町１丁目,大手町駅,大手町,東京都
神保町,13,千代田区神田神保町２-２,神保町駅,神保町,東京都
水道橋,13,文京区後楽一丁目3-42,水道橋駅,水道橋,東京都
春日,13,文京区春日１-１６-１７,春日駅,春日,東京都
白山,13,文京区白山５-３６-１０,白山駅,白山,東京都
千石,13,文京区千石１-２９-１３,千石駅,千石,東京都
巣鴨,13,東京都豊島区巣鴨三丁目27-7,巣鴨駅,巣鴨,東京都
西巣鴨,13,豊島区西巣鴨３-２５-１３,西巣鴨駅,西巣鴨,東京都
新板橋,13,板橋区板橋１-５３-１７,新板橋駅,新板橋,東京都
板橋区役所前,13,板橋区板橋２-６６-１７,板橋区役所前駅,板橋区役所前,東京都
板橋本町,13,板橋区大和町１７-１,板橋本町駅,板橋本町,東京都
本蓮沼,13,板橋区蓮沼町１９-８,本蓮沼駅,本蓮沼,東京都
志村坂上,13,板橋区志村１-１４-１３,志村坂上駅,志村坂上,東京都
志村三丁目,13,板橋区志村３-２３-１,志村三丁目駅,志村三丁目,東京都
蓮根,13,板橋区蓮根２-３１-３０,蓮根駅,蓮根,東京都
西台,13,板橋区高島平９-１-１,西台駅,西台,東京都
高島平,13,板橋区高島平８-２-１,高島平駅,高島平,東京都
新高島平,13,板橋区高島平７-１,新高島平駅,新高島平,東京都
西高島平,13,板橋区高島平６-１,西高島平駅,西高島平,東京都
新宿,13,東京都新宿区西新宿一丁目18,新宿駅,新宿,東京都
新宿三丁目,13,新宿区新宿３-１４-１,新宿三丁目駅,新宿三丁目,東京都
曙橋,13,新宿区住吉町７-１,曙橋駅,曙橋,東京都
市ヶ谷,13,千代田区九段南四丁目8-22,市ヶ谷駅,市ヶ谷,東京都
九段下,13,千代田区九段南１-６-１,九段下駅,九段下,東京都
神保町,13,千代田区神田神保町２-２,神保町駅,神保町,東京都
小川町,13,千代田区神田小川町１-６,小川町駅,小川町,東京都
岩本町,13,千代田区神田岩本町１,岩本町駅,岩本町,東京都
馬喰横山,13,中央区日本橋横山町４-１３,馬喰横山駅,馬喰横山,東京都
浜町,13,中央区日本橋浜町２-５９-３,浜町駅,浜町,東京都
森下,13,江東区森下２-１７-１７,森下駅,森下,東京都
菊川,13,墨田区菊川３-１６-２,菊川駅,菊川,東京都
住吉,13,江東区住吉２-２３-１２,住吉駅,住吉,東京都
西大島,13,江東区大島２-４１-１９,西大島駅,西大島,東京都
大島,13,江東区大島５-１０-８,大島駅,大島,東京都
東大島,13,江東区大島９-３-１４,東大島駅,東大島,東京都
船堀,13,江戸川区船堀３-６-１,船堀駅,船堀,東京都
一之江,13,江戸川区春江町４-２,一之江駅,一之江,東京都
瑞江,13,江戸川区瑞江２-２-１,瑞江駅,瑞江,東京都
篠崎,13,江戸川区篠崎町７-２７-１,篠崎駅,篠崎,東京都
三ノ輪橋,13,荒川区南千住１,三ノ輪橋駅,三ノ輪橋,東京都
荒川一中前,13,荒川区南千住１-１,荒川一中前駅,荒川一中前,東京都
荒川区役所前,13,荒川区荒川１,荒川区役所前駅,荒川区役所前,東京都
荒川二丁目,13,荒川区荒川２,荒川二丁目駅,荒川二丁目,東京都
荒川七丁目,13,荒川区荒川７,荒川七丁目駅,荒川七丁目,東京都
町屋駅前,13,荒川区荒川７,町屋駅前駅,町屋駅前,東京都
町屋二丁目,13,荒川区荒川６,町屋二丁目駅,町屋二丁目,東京都
東尾久三丁目,13,荒川区東尾久３,東尾久三丁目駅,東尾久三丁目,東京都
熊野前,13,荒川区東尾久５,熊野前駅,熊野前,東京都
宮ノ前,13,荒川区東尾久５,宮ノ前駅,宮ノ前,東京都
小台,13,荒川区西尾久５,小台駅,小台,東京都
荒川遊園地前,13,荒川区西尾久５,荒川遊園地前駅,荒川遊園地前,東京都
荒川車庫前,13,荒川区西尾久７,荒川車庫前駅,荒川車庫前,東京都
梶原,13,北区堀船３,梶原駅,梶原,東京都
栄町,13,北区栄町,栄町駅,栄町,東京都
王子駅前,13,北区王子１,王子駅前駅,王子駅前,東京都
飛鳥山,13,北区滝野川１,飛鳥山駅,飛鳥山,東京都
滝野川一丁目,13,北区滝野川１,滝野川一丁目駅,滝野川一丁目,東京都
西ヶ原四丁目,13,東京都北区西ヶ原四丁目,西ヶ原四丁目駅,西ヶ原四丁目,東京都
新庚申塚,13,豊島区西巣鴨４,新庚申塚駅,新庚申塚,東京都
庚申塚,13,豊島区西巣鴨３,庚申塚駅,庚申塚,東京都
巣鴨新田,13,豊島区西巣鴨１,巣鴨新田駅,巣鴨新田,東京都
大塚駅前,13,豊島区南大塚３,大塚駅前駅,大塚駅前,東京都
向原,13,豊島区南大塚３,向原駅,向原,東京都
東池袋四丁目,13,豊島区東池袋５,東池袋四丁目駅,東池袋四丁目,東京都
都電雑司ヶ谷,13,東京都豊島区南池袋,都電雑司ヶ谷駅,都電雑司ヶ谷,東京都
鬼子母神前,13,豊島区雑司が谷２,鬼子母神前駅,鬼子母神前,東京都
学習院下,13,豊島区高田２,学習院下駅,学習院下,東京都
面影橋,13,新宿区西早稲田３,面影橋駅,面影橋,東京都
早稲田,13,東京都新宿区西早稲田一丁目,早稲田駅,早稲田,東京都
赤羽岩淵,13,北区赤羽１-５２-８,赤羽岩淵駅,赤羽岩淵,東京都
秋葉原,13,東京都千代田区神田佐久間町一丁目6-10,秋葉原駅,秋葉原,東京都
新御徒町,13,台東区元浅草１-５-２,新御徒町駅,新御徒町,東京都
浅草,13,東京都台東区西浅草三丁目1-11,浅草駅,浅草,東京都
南千住,13,荒川区南千住４丁目,南千住駅,南千住,東京都
北千住,13,足立区千住旭町,北千住駅,北千住,東京都
青井,13,足立区青井三丁目,青井駅,青井,東京都
六町,13,足立区六町四丁目,六町駅,六町,東京都
新橋,13,東京都港区東新橋一丁目5-13,新橋駅,新橋,東京都
汐留,13,港区東新橋１丁目５,汐留駅,汐留,東京都
竹芝,13,港区海岸１-１３-１０,竹芝駅,竹芝,東京都
日の出,13,港区海岸２-７-６８,日の出駅,日の出,東京都
芝浦ふ頭,13,港区海岸３-２２-１２,芝浦ふ頭駅,芝浦ふ頭,東京都
お台場海浜公園,13,港区台場２-３,お台場海浜公園駅,お台場海浜公園,東京都
台場,13,港区台場２-６,台場駅,台場,東京都
東京国際クルーズターミナル,13,江東区青海1丁目1-49,東京国際クルーズターミナル駅,東京国際クルーズターミナル,東京都
テレコムセンター,13,江東区青海２-２９,テレコムセンター駅,テレコムセンター,東京都
青海,13,江東区青海１,青海駅,青海,東京都
東京ビッグサイト,13,江東区有明三丁目6-15,東京ビッグサイト駅,東京ビッグサイト,東京都
有明,13,江東区有明２-５,有明駅,有明,東京都
有明テニスの森,13,江東区有明１丁目,有明テニスの森駅,有明テニスの森,東京都
市場前,13,江東区豊洲６丁目,市場前駅,市場前,東京都
新豊洲,13,江東区豊洲６丁目,新豊洲駅,新豊洲,東京都
豊洲,13,東京都江東区豊洲二丁目2,豊洲駅,豊洲,東京都
多摩センター,13,多摩市落合１-４８-１,多摩センター駅,多摩センター,東京都
松が谷,13,八王子市松が谷４０,松が谷駅,松が谷,東京都
大塚・帝京大学,13,八王子市大塚１４７３,大塚・帝京大学駅,大塚・帝京大学,東京都
中央大学・明星大学,13,八王子市東中野７４２,中央大学・明星大学駅,中央大学・明星大学,東京都
多摩動物公園,13,日野市程久保３-３６-３９,多摩動物公園駅,多摩動物公園,東京都
程久保,13,日野市程久保８-１,程久保駅,程久保,東京都
高幡不動,13,日野市高幡１３９,高幡不動駅,高幡不動,東京都
万願寺,13,日野市新井１２４,万願寺駅,万願寺,東京都
甲州街道,13,日野市日野１０３０,甲州街道駅,甲州街道,東京都
柴崎体育館,13,立川市柴崎町６-１０７,柴崎体育館駅,柴崎体育館,東京都
立川南,13,立川市柴崎町３-７,立川南駅,立川南,東京都
立川北,13,立川市曙町２-４,立川北駅,立川北,東京都
高松,13,立川市高松町１-１００,高松駅,高松,東京都
立飛,13,立川市泉町９３５,立飛駅,立飛,東京都
泉体育館,13,立川市泉町８４１,泉体育館駅,泉体育館,東京都
砂川七番,13,立川市幸町５-１,砂川七番駅,砂川七番,東京都
玉川上水,13,立川市幸町６-３６-１,玉川上水駅,玉川上水,東京都
桜街道,13,東大和市上北台３-４７０,桜街道駅,桜街道,東京都
上北台,13,東大和市上北台１-７４２,上北台駅,上北台,東京都
モノレール浜松町,13,東京都港区浜松町二丁目4-12,モノレール浜松町駅,モノレール浜松町,東京都
天王洲アイル,13,品川区東品川２-５-１９,天王洲アイル駅,天王洲アイル,東京都
大井競馬場前,13,品川区勝島２-２-３５,大井競馬場前駅,大井競馬場前,東京都
流通センター,13,大田区平和島６-１-２,流通センター駅,流通センター,東京都
昭和島,13,大田区昭和島２-２-１,昭和島駅,昭和島,東京都
整備場,13,大田区羽田空港１-７-４,整備場駅,整備場,東京都
天空橋,13,大田区羽田空港１-１-２,天空橋駅,天空橋,東京都
羽田空港第3ターミナル,13,東京都大田区羽田空港二丁目6-5,羽田空港第3ターミナル駅,羽田空港第3ターミナル,東京都
新整備場,13,大田区羽田空港３-５-１,新整備場駅,新整備場,東京都
羽田空港第1ターミナル,13,大田区羽田空港３-３-２,羽田空港第1ターミナル駅,羽田空港第1ターミナル,東京都
羽田空港第2ターミナル,13,大田区羽田空港３-４-２,羽田空港第2ターミナル駅,羽田空港第2ターミナル,東京都
新木場,13,東京都江東区新木場一丁目6,新木場駅,新木場,東京都
東雲,13,江東区東雲２-８-１０,東雲駅,東雲,東京都
国際展示場,13,江東区有明２-５-２５,国際展示場駅,国際展示場,東京都
東京テレポート,13,江東区青海１-２,東京テレポート駅,東京テレポート,東京都
天王洲アイル,13,品川区東品川２-５-１９,天王洲アイル駅,天王洲アイル,東京都
品川シーサイド,13,品川区東品川４-１２-２２,品川シーサイド駅,品川シーサイド,東京都
大井町,13,品川区大井１丁目,大井町駅,大井町,東京都
大崎,13,東京都品川区大崎一丁目21-4,大崎駅,大崎,東京都
京成高砂,13,東京都葛飾区高砂五丁目28-1,京成高砂駅,京成高砂,東京都
新柴又,13,葛飾区柴又５-７-１,新柴又駅,新柴又,東京都
日暮里,13,東京都荒川区西日暮里二丁目19-1,日暮里駅,日暮里,東京都
西日暮里,13,東京都荒川区西日暮里五丁目31-7,西日暮里駅,西日暮里,東京都
赤土小学校前,13,荒川区東尾久４-７-７,赤土小学校前駅,赤土小学校前,東京都
熊野前,13,荒川区東尾久５,熊野前駅,熊野前,東京都
足立小台,13,足立区小台１-２０-１,足立小台駅,足立小台,東京都
扇大橋,13,足立区扇２-２５-７,扇大橋駅,扇大橋,東京都
高野,13,足立区扇２-４５-１,高野駅,高野,東京都
江北,13,足立区江北４-３０-２７,江北駅,江北,東京都
西新井大師西,13,足立区江北６-３０-２３,西新井大師西駅,西新井大師西,東京都
谷在家,13,足立区谷在家３-２０-２３,谷在家駅,谷在家,東京都
舎人公園,13,足立区舎人公園１-１０,舎人公園駅,舎人公園,東京都
舎人,13,足立区舎人１-１６-１５,舎人駅,舎人,東京都
見沼代親水公園,13,足立区舎人２-２１-１３,見沼代親水公園駅,見沼代親水公園,東京都