station,neighbors,neighbor_dists
東京駅,二重橋前駅|大手町駅|京橋駅|有楽町駅|日本橋駅,0.37|0.51|0.63|0.69|0.75
新橋駅,汐留駅|内幸町駅|築地市場駅|銀座駅|東銀座駅,0.35|0.49|0.74|0.79|0.84
品川駅,北品川駅|高輪ゲートウェイ駅|高輪台駅|泉岳寺駅|新馬場駅,0.69|0.78|0.84|1.12|1.25
大崎駅,大崎広小路駅|五反田駅|北品川駅|新馬場駅|戸越駅,0.62|0.81|1.01|1.19|1.22
五反田駅,大崎広小路駅|大崎駅|高輪台駅|不動前駅|目黒駅,0.46|0.81|0.84|0.85|1.12
目黒駅,不動前駅|白金台駅|五反田駅|高輪台駅|大崎広小路駅,0.77|1.08|1.12|1.34|1.38
恵比寿駅,代官山駅|中目黒駅|広尾駅|渋谷駅|目黒駅,0.61|1.07|1.27|1.54|1.57
渋谷駅,神泉駅|明治神宮前〈原宿〉駅|表参道駅|代官山駅|原宿駅,0.74|1.13|1.20|1.20|1.30
原宿駅,明治神宮前〈原宿〉駅|北参道駅|表参道駅|参宮橋駅|代々木公園駅,0.28|0.90|1.06|1.20|1.23
代々木駅,南新宿駅|北参道駅|新線新宿駅|新宿駅|千駄ケ谷駅,0.30|0.61|0.68|0.78|0.90
新宿駅,新線新宿駅|新宿西口駅|新宿三丁目駅|都庁前駅|西武新宿駅,0.18|0.38|0.48|0.68|0.70
新大久保駅,大久保駅|西武新宿駅|東新宿駅|新宿西口駅|西新宿駅,0.27|0.51|0.71|0.85|0.99
高田馬場駅,西早稲田駅|学習院下駅|下落合駅|目白駅|面影橋駅,0.69|0.84|0.85|0.86|0.94
目白駅,学習院下駅|雑司が谷駅|鬼子母神前駅|高田馬場駅|下落合駅,0.73|0.77|0.79|0.86|1.10
池袋駅,都電雑司ヶ谷駅|東池袋駅|東池袋四丁目駅|要町駅|目白駅,0.94|0.95|1.01|1.12|1.16
大塚駅,大塚駅前駅|向原駅|巣鴨新田駅|新大塚駅|庚申塚駅,0.07|0.43|0.46|0.65|0.91
巣鴨駅,千石駅|駒込駅|大塚駅前駅|大塚駅|巣鴨新田駅,0.81|0.84|0.89|0.96|1.03
駒込駅,巣鴨駅|千石駅|西ケ原駅|上中里駅|尾久駅,0.84|1.02|1.10|1.16|1.25
田端駅,西日暮里駅|赤土小学校前駅|新三河島駅|尾久駅|駒込駅,0.81|0.87|1.14|1.20|1.26
西日暮里駅,日暮里駅|千駄木駅|田端駅|新三河島駅|三河島駅,0.61|0.79|0.81|0.85|0.95
日暮里駅,西日暮里駅|千駄木駅|三河島駅|鶯谷駅|新三河島駅,0.61|0.77|0.80|0.94|1.05
鶯谷駅,入谷駅|上野駅|日暮里駅|根津駅|稲荷町駅,0.56|0.92|0.94|1.20|1.21
上野駅,京成上野駅|稲荷町駅|上野御徒町駅|御徒町駅|上野広小路駅,0.38|0.54|0.64|0.69|0.72
御徒町駅,上野御徒町駅|仲御徒町駅|上野広小路駅|湯島駅|京成上野駅,0.08|0.15|0.17|0.45|0.45
秋葉原駅,岩本町駅|末広町駅|淡路町駅|新御茶ノ水駅|小川町駅,0.38|0.53|0.68|0.71|0.76
神田駅,新日本橋駅|淡路町駅|小川町駅|岩本町駅|三越前駅,0.41|0.49|0.51|0.62|0.68
有楽町駅,銀座一丁目駅|日比谷駅|銀座駅|京橋駅|二重橋前駅,0.34|0.37|0.39|0.60|0.63
浜松町駅,モノレール浜松町駅|大門駅|竹芝駅|芝公園駅|日の出駅,0.05|0.27|0.46|0.68|0.72
田町駅,三田駅|芝公園駅|芝浦ふ頭駅|泉岳寺駅|赤羽橋駅,0.29|0.95|1.03|1.04|1.09
高輪ゲートウェイ駅,泉岳寺駅|品川駅|白金高輪駅|高輪台駅|田町駅,0.36|0.78|1.01|1.03|1.29
矢野口駅,京王よみうりランド駅|京王多摩川駅|稲城長沼駅|稲城駅|西調布駅,0.97|1.46|1.66|1.93|1.94
稲城長沼駅,稲城駅|南多摩駅|競艇場前駅|矢野口駅|京王よみうりランド駅,0.92|1.30|1.37|1.66|1.83
南多摩駅,是政駅|競艇場前駅|稲城長沼駅|稲城駅|府中競馬正門前駅,0.78|1.19|1.30|1.74|2.16
府中本町駅,府中駅|府中競馬正門前駅|分倍河原駅|是政駅|東府中駅,0.76|0.76|0.81|1.48|1.67
分倍河原駅,府中本町駅|西府駅|府中駅|北府中駅|中河原駅,0.81|1.06|1.08|1.40|1.42
西府駅,分倍河原駅|中河原駅|谷保駅|北府中駅|府中本町駅,1.06|1.26|1.51|1.70|1.86
谷保駅,矢川駅|西府駅|国立駅|北府中駅|分倍河原駅,1.42|1.51|1.98|2.26|2.45
矢川駅,西国立駅|谷保駅|万願寺駅|国立駅|柴崎体育館駅,1.19|1.42|1.85|2.06|2.08
西国立駅,立川駅|立川南駅|矢川駅|立川北駅|柴崎体育館駅,1.04|1.05|1.19|1.21|1.41
立川駅,立川北駅|立川南駅|西国立駅|柴崎体育館駅|高松駅,0.18|0.26|1.04|1.05|1.33
北府中駅,府中駅|分倍河原駅|西府駅|府中本町駅|府中競馬正門前駅,1.21|1.40|1.70|1.75|1.84
西国分寺駅,恋ヶ窪駅|国分寺駅|国立駅|北府中駅|鷹の台駅,1.31|1.31|1.77|2.16|2.63
新小平駅,青梅街道駅|小川駅|萩山駅|鷹の台駅|一橋学園駅,0.53|0.96|1.19|1.25|1.31
新秋津駅,秋津駅|清瀬駅|東村山駅|久米川駅|東久留米駅,0.27|2.47|3.22|3.71|4.12
成瀬駅,つくし野駅|すずかけ台駅|町田駅|南町田グランベリーパーク駅|玉川学園前駅,1.41|2.18|2.62|2.66|3.23
町田駅,成瀬駅|玉川学園前駅|つくし野駅|南町田グランベリーパーク駅|すずかけ台駅,2.62|2.78|3.98|4.17|4.37
相原駅,八王子みなみ野駅|多摩境駅|片倉駅|京王片倉駅|山田駅,2.63|3.24|3.74|4.18|4.27
八王子みなみ野駅,片倉駅|京王片倉駅|山田駅|めじろ台駅|相原駅,1.38|1.62|1.75|2.47|2.63
片倉駅,京王片倉駅|北野駅|八王子みなみ野駅|八王子駅|山田駅,0.64|1.31|1.38|1.77|1.89
八王子駅,京王八王子駅|京王片倉駅|片倉駅|北野駅|山田駅,0.48|1.26|1.77|1.86|2.04
西大井駅,戸越公園駅|下神明駅|中延駅|馬込駅|荏原中延駅,0.87|0.89|0.90|1.07|1.27
四ツ谷駅,麹町駅|市ケ谷駅|市ヶ谷駅|四谷三丁目駅|曙橋駅,0.69|0.87|0.87|0.95|1.00
吉祥寺駅,井の頭公園駅|三鷹台駅|西荻窪駅|三鷹駅|久我山駅,0.69|1.47|1.76|1.76|2.39
三鷹駅,武蔵境駅|吉祥寺駅|井の頭公園駅|三鷹台駅|東伏見駅,1.53|1.76|2.14|2.87|2.91
国分寺駅,西国分寺駅|恋ヶ窪駅|北府中駅|武蔵小金井駅|一橋学園駅,1.31|1.94|2.29|2.34|2.43
日野駅,甲州街道駅|柴崎体育館駅|小宮駅|豊田駅|立川南駅,1.38|1.78|2.41|2.46|2.51
豊田駅,南平駅|平山城址公園駅|北八王子駅|長沼駅|多摩動物公園駅,1.10|1.35|1.96|2.33|2.36
西八王子駅,めじろ台駅|山田駅|八王子駅|狭間駅|京王片倉駅,1.49|1.55|2.38|2.46|2.59
高尾駅,狭間駅|高尾山口駅|めじろ台駅|西八王子駅|山田駅,1.07|1.53|2.39|3.21|3.53
御茶ノ水駅,新御茶ノ水駅|淡路町駅|小川町駅|末広町駅|神保町駅,0.24|0.57|0.57|0.72|0.77
中野駅,新中野駅|東高円寺駅|新井薬師前駅|高円寺駅|沼袋駅,0.96|1.14|1.27|1.46|1.53
高円寺駅,新高円寺駅|東高円寺駅|阿佐ケ谷駅|南阿佐ケ谷駅|中野駅,0.83|1.11|1.24|1.40|1.46
阿佐ケ谷駅,南阿佐ケ谷駅|高円寺駅|新高円寺駅|荻窪駅|鷺ノ宮駅,0.58|1.24|1.34|1.42|1.99
荻窪駅,阿佐ケ谷駅|南阿佐ケ谷駅|西荻窪駅|下井草駅|井荻駅,1.42|1.51|1.87|2.19|2.29
西荻窪駅,三鷹台駅|井の頭公園駅|久我山駅|吉祥寺駅|荻窪駅,1.59|1.63|1.74|1.76|1.87
武蔵境駅,三鷹駅|新小金井駅|東小金井駅|田無駅|西武柳沢駅,1.53|1.66|1.67|2.82|3.06
東小金井駅,新小金井駅|武蔵小金井駅|武蔵境駅|多磨駅|花小金井駅,0.66|1.65|1.67|2.84|2.91
武蔵小金井駅,東小金井駅|新小金井駅|国分寺駅|花小金井駅|多磨駅,1.65|1.91|2.34|2.82|2.89
国立駅,西国分寺駅|谷保駅|矢川駅|恋ヶ窪駅|西国立駅,1.77|1.98|2.06|2.08|2.11
東中野駅,落合駅|中井駅|中野坂上駅|大久保駅|新井薬師前駅,0.57|0.91|1.03|1.39|1.42
大久保駅,新大久保駅|西武新宿駅|西新宿駅|新宿西口駅|東新宿駅,0.27|0.56|0.83|0.85|0.96
千駄ケ谷駅,国立競技場駅|北参道駅|新宿御苑前駅|信濃町駅|代々木駅,0.33|0.64|0.82|0.83|0.90
信濃町駅,国立競技場駅|千駄ケ谷駅|青山一丁目駅|四谷三丁目駅|四ツ谷駅,0.52|0.83|0.86|0.88|1.07
市ケ谷駅,半蔵門駅|麹町駅|四ツ谷駅|牛込神楽坂駅|曙橋駅,0.82|0.86|0.87|1.01|1.23
飯田橋駅,牛込神楽坂駅|水道橋駅|後楽園駅|神楽坂駅|九段下駅,0.81|0.91|0.91|0.93|0.97
水道橋駅,後楽園駅|本郷三丁目駅|春日駅|神保町駅|九段下駅,0.63|0.68|0.78|0.81|0.83
浅草橋駅,馬喰町駅|東日本橋駅|馬喰横山駅|蔵前駅|岩本町駅,0.53|0.59|0.63|0.82|0.88
両国駅,蔵前駅|浅草橋駅|森下駅|東日本橋駅|浜町駅,0.86|0.91|0.94|1.06|1.09
錦糸町駅,住吉駅|亀戸駅|菊川駅|西大島駅|押上〈スカイツリー前〉駅,0.89|1.09|1.22|1.37|1.52
亀戸駅,亀戸水神駅|西大島駅|錦糸町駅|東あずま駅|大島駅,0.68|0.91|1.09|1.16|1.18
平井駅,東あずま駅|亀戸水神駅|小村井駅|亀戸駅|東大島駅,0.93|1.07|1.38|1.72|1.82
新小岩駅,平井駅|京成立石駅|東あずま駅|四ツ木駅|小村井駅,1.82|2.51|2.58|2.65|2.82
小岩駅,京成小岩駅|江戸川駅|新柴又駅|京成高砂駅|柴又駅,1.01|1.40|1.99|2.38|2.63
新日本橋駅,三越前駅|神田駅|小伝馬町駅|日本橋駅|岩本町駅,0.30|0.41|0.52|0.75|0.80
馬喰町駅,馬喰横山駅|東日本橋駅|小伝馬町駅|浅草橋駅|岩本町駅,0.14|0.26|0.46|0.53|0.63
西立川駅,東中神駅|中神駅|立川北駅|立川南駅|立川駅,0.87|1.71|1.77|1.90|1.91
東中神駅,中神駅|西立川駅|昭島駅|西武立川駅|武蔵砂川駅,0.84|0.87|2.21|2.56|2.60
中神駅,東中神駅|昭島駅|西立川駅|西武立川駅|武蔵砂川駅,0.84|1.37|1.71|1.97|2.66
昭島駅,中神駅|西武立川駅|拝島駅|東中神駅|熊川駅,1.37|1.63|1.86|2.21|2.86
拝島駅,熊川駅|牛浜駅|昭島駅|西武立川駅|福生駅,1.04|1.72|1.86|2.46|2.74
牛浜駅,熊川駅|福生駅|東福生駅|拝島駅|東秋留駅,0.72|1.03|1.27|1.72|2.20
福生駅,東福生駅|牛浜駅|熊川駅|羽村駅|東秋留駅,0.83|1.03|1.73|2.02|2.34
羽村駅,福生駅|東福生駅|小作駅|牛浜駅|箱根ケ崎駅,2.02|2.24|2.36|3.05|3.12
小作駅,河辺駅|羽村駅|東青梅駅|箱根ケ崎駅|青梅駅,1.90|2.36|3.05|4.05|4.29
河辺駅,東青梅駅|小作駅|青梅駅|羽村駅|宮ノ平駅,1.15|1.90|2.42|4.14|4.22
東青梅駅,河辺駅|青梅駅|小作駅|宮ノ平駅|日向和田駅,1.15|1.33|3.05|3.21|3.90
青梅駅,東青梅駅|宮ノ平駅|河辺駅|日向和田駅|石神前駅,1.33|1.90|2.42|2.58|3.05
宮ノ平駅,日向和田駅|石神前駅|青梅駅|二俣尾駅|東青梅駅,0.71|1.51|1.90|2.63|3.21
日向和田駅,宮ノ平駅|石神前駅|二俣尾駅|青梅駅|軍畑駅,0.71|0.99|2.08|2.58|2.88
石神前駅,日向和田駅|二俣尾駅|宮ノ平駅|軍畑駅|沢井駅,0.99|1.13|1.51|1.98|3.03
二俣尾駅,軍畑駅|石神前駅|沢井駅|日向和田駅|宮ノ平駅,0.87|1.13|2.07|2.08|2.63
軍畑駅,二俣尾駅|沢井駅|石神前駅|御嶽駅|日向和田駅,0.87|1.28|1.98|2.33|2.88
沢井駅,御嶽駅|軍畑駅|二俣尾駅|川井駅|石神前駅,1.09|1.28|2.07|2.75|3.03
御嶽駅,沢井駅|川井駅|軍畑駅|二俣尾駅|古里駅,1.09|2.13|2.33|3.03|3.20
川井駅,古里駅|御嶽駅|沢井駅|鳩ノ巣駅|軍畑駅,1.13|2.13|2.75|3.19|3.95
古里駅,川井駅|鳩ノ巣駅|御嶽駅|白丸駅|沢井駅,1.13|2.09|3.20|3.39|3.88
鳩ノ巣駅,白丸駅|古里駅|奥多摩駅|川井駅|御嶽駅,1.32|2.09|2.95|3.19|5.06
白丸駅,鳩ノ巣駅|奥多摩駅|古里駅|川井駅|御嶽駅,1.32|1.63|3.39|4.45|6.20
奥多摩駅,白丸駅|鳩ノ巣駅|古里駅|川井駅|御嶽駅,1.63|2.95|5.02|6.08|7.76
熊川駅,牛浜駅|拝島駅|福生駅|東福生駅|東秋留駅,0.72|1.04|1.73|1.94|2.19
東秋留駅,熊川駅|牛浜駅|秋川駅|福生駅|拝島駅,2.19|2.20|2.26|2.34|2.91
秋川駅,武蔵引田駅|東秋留駅|武蔵増戸駅|福生駅|羽村駅,1.53|2.26|2.76|4.03|4.27
武蔵引田駅,武蔵増戸駅|秋川駅|武蔵五日市駅|東秋留駅|羽村駅,1.23|1.53|3.78|3.79|5.22
武蔵増戸駅,武蔵引田駅|武蔵五日市駅|秋川駅|東秋留駅|羽村駅,1.23|2.56|2.76|5.02|6.17
武蔵五日市駅,武蔵増戸駅|武蔵引田駅|秋川駅|宮ノ平駅|日向和田駅,2.56|3.78|5.31|6.19|6.26
北八王子駅,小宮駅|豊田駅|京王八王子駅|八王子駅|平山城址公園駅,1.90|1.96|2.19|2.67|2.85
小宮駅,北八王子駅|日野駅|中神駅|東中神駅|西立川駅,1.90|2.41|2.67|2.70|3.00
東福生駅,福生駅|牛浜駅|熊川駅|羽村駅|拝島駅,0.83|1.27|1.94|2.24|2.81
箱根ケ崎駅,東福生駅|羽村駅|福生駅|小作駅|牛浜駅,2.98|3.12|3.62|4.05|4.23
尾久駅,荒川車庫前駅|荒川遊園地前駅|上中里駅|梶原駅|小台駅,0.47|0.56|0.73|0.75|0.83
赤羽駅,赤羽岩淵駅|志茂駅|東十条駅|北赤羽駅|本蓮沼駅,0.61|1.05|1.67|1.70|1.96
三河島駅,新三河島駅|日暮里駅|荒川区役所前駅|荒川二丁目駅|西日暮里駅,0.51|0.80|0.86|0.90|0.95
南千住駅,三ノ輪橋駅|三ノ輪駅|荒川一中前駅|千住大橋駅|荒川区役所前駅,0.71|0.80|0.92|1.04|1.16
北千住駅,牛田駅|京成関屋駅|千住大橋駅|小菅駅|堀切駅,0.83|0.87|1.05|1.30|1.36
綾瀬駅,青井駅|小菅駅|五反野駅|堀切菖蒲園駅|北綾瀬駅,1.14|1.14|1.44|1.63|1.77
亀有駅,北綾瀬駅|京成金町駅|綾瀬駅|金町駅|お花茶屋駅,1.83|2.07|2.09|2.09|2.21
金町駅,京成金町駅|柴又駅|亀有駅|京成高砂駅|新柴又駅,0.12|1.53|2.09|2.10|2.21
板橋駅,新板橋駅|下板橋駅|北池袋駅|西巣鴨駅|板橋区役所前駅,0.38|0.43|0.52|0.86|1.07
十条駅,東十条駅|新板橋駅|王子神谷駅|板橋区役所前駅|板橋本町駅,0.57|1.29|1.35|1.48|1.51
北赤羽駅,浮間舟渡駅|赤羽岩淵駅|志村坂上駅|赤羽駅|本蓮沼駅,1.37|1.53|1.56|1.70|2.05
浮間舟渡駅,蓮根駅|北赤羽駅|志村三丁目駅|西台駅|志村坂上駅,1.35|1.37|1.61|1.63|1.76
八丁堀駅,宝町駅|新富町駅|茅場町駅|京橋駅|日本橋駅,0.51|0.58|0.61|0.69|0.85
越中島駅,門前仲町駅|月島駅|木場駅|豊洲駅|八丁堀駅,0.54|0.84|1.30|1.53|1.58
潮見駅,東陽町駅|木場駅|辰巳駅|南砂町駅|新木場駅,1.21|1.50|1.58|1.64|1.65
新木場駅,辰巳駅|潮見駅|東雲駅|南砂町駅|東陽町駅,1.49|1.65|2.12|2.54|2.75
葛西臨海公園駅,西葛西駅|葛西駅|新木場駅|南砂町駅|潮見駅,2.26|2.34|3.12|3.89|4.29
東十条駅,十条駅|王子神谷駅|王子駅|王子駅前駅|志茂駅,0.57|0.83|1.53|1.60|1.65
王子駅,王子駅前駅|飛鳥山駅|栄町駅|滝野川一丁目駅|梶原駅,0.07|0.34|0.46|0.69|0.89
上中里駅,西ケ原駅|梶原駅|栄町駅|尾久駅|荒川車庫前駅,0.34|0.46|0.52|0.73|0.74
大井町駅,鮫洲駅|青物横丁駅|下神明駅|立会川駅|新馬場駅,0.70|0.76|0.81|1.02|1.30
大森駅,大森海岸駅|平和島駅|立会川駅|西大井駅|馬込駅,0.68|1.29|1.44|1.52|1.69
蒲田駅,蓮沼駅|京急蒲田駅|梅屋敷駅|矢口渡駅|雑色駅,0.64|0.79|1.31|1.33|1.36
北池袋駅,下板橋駅|板橋駅|新板橋駅|西巣鴨駅|巣鴨新田駅,0.52|0.52|0.89|1.11|1.18
下板橋駅,板橋駅|北池袋駅|新板橋駅|板橋区役所前駅|大山駅,0.43|0.52|0.59|0.75|1.14
大山駅,板橋区役所前駅|中板橋駅|下板橋駅|板橋本町駅|北池袋駅,0.75|1.13|1.14|1.46|1.50
中板橋駅,ときわ台駅|大山駅|板橋本町駅|板橋区役所前駅|本蓮沼駅,0.58|1.13|1.14|1.50|1.56
ときわ台駅,中板橋駅|上板橋駅|板橋本町駅|本蓮沼駅|大山駅,0.58|1.26|1.52|1.63|1.68
上板橋駅,ときわ台駅|東武練馬駅|志村三丁目駅|中板橋駅|氷川台駅,1.26|1.42|1.76|1.83|1.84
東武練馬駅,平和台駅|上板橋駅|下赤塚駅|地下鉄赤塚駅|氷川台駅,1.41|1.42|1.59|1.62|2.15
下赤塚駅,地下鉄赤塚駅|成増駅|地下鉄成増駅|東武練馬駅|平和台駅,0.08|1.33|1.35|1.59|1.64
成増駅,地下鉄成増駅|下赤塚駅|地下鉄赤塚駅|西高島平駅|光が丘駅,0.17|1.33|1.34|1.97|2.16
浅草駅,田原町駅|本所吾妻橋駅|蔵前駅|とうきょうスカイツリー駅|稲荷町駅,0.52|0.82|1.03|1.18|1.23
とうきょうスカイツリー駅,押上〈スカイツリー前〉駅|押上（スカイツリー前）駅|本所吾妻橋駅|曳舟駅|浅草駅,0.33|0.33|0.47|1.10|1.18
押上〈スカイツリー前〉駅,押上（スカイツリー前）駅|とうきょうスカイツリー駅|本所吾妻橋駅|曳舟駅|京成曳舟駅,0.00|0.33|0.79|0.92|1.07
曳舟駅,京成曳舟駅|東向島駅|押上〈スカイツリー前〉駅|押上（スカイツリー前）駅|とうきょうスカイツリー駅,0.30|0.70|0.92|0.92|1.10
東向島駅,京成曳舟駅|曳舟駅|八広駅|鐘ヶ淵駅|押上〈スカイツリー前〉駅,0.66|0.70|0.93|1.05|1.62
鐘ヶ淵駅,八広駅|東向島駅|堀切駅|四ツ木駅|京成関屋駅,1.01|1.05|1.06|1.33|1.38
堀切駅,京成関屋駅|牛田駅|堀切菖蒲園駅|鐘ヶ淵駅|北千住駅,0.54|0.56|1.03|1.06|1.36
牛田駅,京成関屋駅|堀切駅|北千住駅|千住大橋駅|鐘ヶ淵駅,0.06|0.56|0.83|1.36|1.43
小菅駅,五反野駅|綾瀬駅|北千住駅|青井駅|牛田駅,0.81|1.14|1.30|1.57|1.61
五反野駅,小菅駅|青井駅|梅島駅|綾瀬駅|北千住駅,0.81|1.17|1.28|1.44|1.88
梅島駅,西新井駅|五反野駅|大師前駅|小菅駅|青井駅,0.87|1.28|1.64|2.01|2.02
西新井駅,大師前駅|梅島駅|江北駅|西新井大師西駅|竹ノ塚駅,0.81|0.87|1.84|1.88|1.89
竹ノ塚駅,舎人公園駅|西新井駅|大師前駅|谷在家駅|舎人駅,1.87|1.89|1.90|1.97|2.25
小村井駅,東あずま駅|京成曳舟駅|亀戸水神駅|押上〈スカイツリー前〉駅|押上（スカイツリー前）駅,0.53|1.13|1.26|1.32|1.32
東あずま駅,小村井駅|亀戸水神駅|平井駅|亀戸駅|京成曳舟駅,0.53|0.80|0.93|1.16|1.65
亀戸水神駅,亀戸駅|東あずま駅|平井駅|大島駅|小村井駅,0.68|0.80|1.07|1.14|1.26
大師前駅,西新井駅|西新井大師西駅|江北駅|谷在家駅|高野駅,0.81|1.08|1.16|1.51|1.54
椎名町駅,要町駅|落合南長崎駅|東長崎駅|下落合駅|目白駅,0.84|1.05|1.07|1.19|1.27
東長崎駅,落合南長崎駅|千川駅|椎名町駅|新江古田駅|江古田駅,0.71|1.06|1.07|1.17|1.26
江古田駅,新桜台駅|新江古田駅|小竹向原駅|桜台駅|東長崎駅,0.54|0.59|0.87|0.93|1.26
桜台駅,新桜台駅|練馬駅|江古田駅|新江古田駅|氷川台駅,0.56|0.74|0.93|1.00|1.22
練馬駅,豊島園駅|桜台駅|新桜台駅|中村橋駅|新江古田駅,0.74|0.74|1.29|1.54|1.57
中村橋駅,富士見台駅|豊島園駅|練馬駅|鷺ノ宮駅|練馬春日町駅,0.71|1.17|1.54|1.58|1.65
富士見台駅,中村橋駅|練馬高野台駅|下井草駅|鷺ノ宮駅|井荻駅,0.71|1.28|1.41|1.69|1.79
練馬高野台駅,石神井公園駅|富士見台駅|井荻駅|中村橋駅|下井草駅,0.94|1.28|1.77|1.91|1.99
石神井公園駅,練馬高野台駅|大泉学園駅|上井草駅|富士見台駅|井荻駅,0.94|1.94|2.06|2.22|2.23
大泉学園駅,保谷駅|石神井公園駅|武蔵関駅|上石神井駅|練馬高野台駅,1.71|1.94|2.59|2.62|2.87
保谷駅,大泉学園駅|ひばりヶ丘駅|東伏見駅|武蔵関駅|西武柳沢駅,1.71|2.01|2.19|2.42|2.57
ひばりヶ丘駅,東久留米駅|保谷駅|西武柳沢駅|田無駅|東伏見駅,1.48|2.01|2.61|2.75|2.98
東久留米駅,ひばりヶ丘駅|清瀬駅|保谷駅|田無駅|秋津駅,1.48|1.81|3.35|3.71|3.91
清瀬駅,東久留米駅|秋津駅|新秋津駅|ひばりヶ丘駅|小平駅,1.81|2.22|2.47|3.28|4.83
秋津駅,新秋津駅|清瀬駅|東村山駅|久米川駅|東久留米駅,0.27|2.22|3.45|3.88|3.91
小竹向原駅,江古田駅|新桜台駅|千川駅|氷川台駅|新江古田駅,0.87|0.98|1.15|1.33|1.44
新桜台駅,江古田駅|桜台駅|新江古田駅|小竹向原駅|氷川台駅,0.54|0.56|0.94|0.98|1.01
豊島園駅,練馬駅|中村橋駅|練馬春日町駅|桜台駅|氷川台駅,0.74|1.17|1.26|1.33|1.74
多摩湖駅,西武園駅|武蔵大和駅|東村山駅|八坂駅|久米川駅,0.59|1.06|2.18|3.23|3.25
西武新宿駅,新宿西口駅|新大久保駅|大久保駅|西新宿駅|新宿駅,0.34|0.51|0.56|0.69|0.70
下落合駅,中井駅|高田馬場駅|落合駅|目白駅|椎名町駅,0.80|0.85|0.91|1.10|1.19
中井駅,落合駅|下落合駅|東中野駅|落合南長崎駅|新井薬師前駅,0.40|0.80|0.91|1.05|1.28
新井薬師前駅,沼袋駅|中野駅|中井駅|落合南長崎駅|東中野駅,0.89|1.27|1.28|1.30|1.42
沼袋駅,新井薬師前駅|野方駅|中野駅|新江古田駅|都立家政駅,0.89|1.00|1.53|1.58|1.74
野方駅,都立家政駅|沼袋駅|鷺ノ宮駅|高円寺駅|新井薬師前駅,0.77|1.00|1.29|1.61|1.84
都立家政駅,鷺ノ宮駅|野方駅|中村橋駅|沼袋駅|下井草駅,0.53|0.77|1.74|1.74|1.82
鷺ノ宮駅,都立家政駅|野方駅|下井草駅|中村橋駅|富士見台駅,0.53|1.29|1.29|1.58|1.69
下井草駅,井荻駅|鷺ノ宮駅|富士見台駅|都立家政駅|中村橋駅,0.85|1.29|1.41|1.82|1.84
井荻駅,下井草駅|上井草駅|練馬高野台駅|富士見台駅|上石神井駅,0.85|1.12|1.77|1.79|2.08
上井草駅,上石神井駅|井荻駅|下井草駅|石神井公園駅|練馬高野台駅,0.97|1.12|1.97|2.06|2.11
上石神井駅,上井草駅|武蔵関駅|井荻駅|石神井公園駅|西荻窪駅,0.97|1.44|2.08|2.34|2.56
武蔵関駅,東伏見駅|上石神井駅|西武柳沢駅|上井草駅|保谷駅,1.17|1.44|2.16|2.40|2.42
東伏見駅,西武柳沢駅|武蔵関駅|田無駅|保谷駅|上石神井駅,1.00|1.17|2.19|2.19|2.61
西武柳沢駅,東伏見駅|田無駅|武蔵関駅|保谷駅|ひばりヶ丘駅,1.00|1.20|2.16|2.57|2.61
田無駅,西武柳沢駅|東伏見駅|花小金井駅|ひばりヶ丘駅|武蔵境駅,1.20|2.19|2.35|2.75|2.82
花小金井駅,田無駅|小平駅|武蔵小金井駅|東小金井駅|一橋学園駅,2.35|2.53|2.82|2.91|3.02
小平駅,萩山駅|青梅街道駅|新小平駅|一橋学園駅|久米川駅,1.13|1.26|1.72|1.81|2.00
久米川駅,八坂駅|萩山駅|東村山駅|小川駅|小平駅,0.68|1.05|1.32|1.57|2.00
東村山駅,久米川駅|八坂駅|西武園駅|武蔵大和駅|多摩湖駅,1.32|1.69|1.74|2.01|2.18
萩山駅,八坂駅|久米川駅|青梅街道駅|小平駅|新小平駅,0.95|1.05|1.09|1.13|1.19
小川駅,八坂駅|新小平駅|萩山駅|青梅街道駅|久米川駅,0.90|0.96|1.26|1.39|1.57
東大和市駅,玉川上水駅|桜街道駅|砂川七番駅|泉体育館駅|上北台駅,1.45|1.73|1.80|2.05|2.20
玉川上水駅,桜街道駅|砂川七番駅|東大和市駅|泉体育館駅|上北台駅,0.79|0.96|1.45|1.47|1.55
武蔵砂川駅,西武立川駅|玉川上水駅|砂川七番駅|桜街道駅|東中神駅,2.02|2.35|2.40|2.46|2.60
西武立川駅,昭島駅|中神駅|武蔵砂川駅|拝島駅|東中神駅,1.63|1.97|2.02|2.46|2.56
西武園駅,多摩湖駅|武蔵大和駅|東村山駅|久米川駅|八坂駅,0.59|1.33|1.74|2.94|3.04
恋ヶ窪駅,西国分寺駅|鷹の台駅|一橋学園駅|国分寺駅|国立駅,1.31|1.32|1.88|1.94|2.08
鷹の台駅,新小平駅|恋ヶ窪駅|小川駅|青梅街道駅|一橋学園駅,1.25|1.32|1.62|1.65|1.70
一橋学園駅,青梅街道駅|新小平駅|鷹の台駅|小平駅|恋ヶ窪駅,1.03|1.31|1.70|1.81|1.88
青梅街道駅,新小平駅|一橋学園駅|萩山駅|小平駅|小川駅,0.53|1.03|1.09|1.26|1.39
八坂駅,久米川駅|小川駅|萩山駅|新小平駅|東村山駅,0.68|0.90|0.95|1.54|1.69
武蔵大和駅,多摩湖駅|西武園駅|東村山駅|八坂駅|久米川駅,1.06|1.33|2.01|2.49|2.69
新小金井駅,東小金井駅|武蔵境駅|武蔵小金井駅|多磨駅|三鷹駅,0.66|1.66|1.91|2.28|3.13
多磨駅,白糸台駅|武蔵野台駅|多磨霊園駅|飛田給駅|東府中駅,1.32|1.50|1.76|1.95|2.17
白糸台駅,武蔵野台駅|多磨霊園駅|多磨駅|東府中駅|飛田給駅,0.29|0.65|1.32|1.34|1.43
競艇場前駅,是政駅|多磨霊園駅|南多摩駅|武蔵野台駅|稲城長沼駅,1.00|1.14|1.19|1.36|1.37
是政駅,南多摩駅|競艇場前駅|府中競馬正門前駅|府中本町駅|東府中駅,0.78|1.00|1.38|1.48|1.51
京成上野駅,上野御徒町駅|上野駅|上野広小路駅|御徒町駅|湯島駅,0.38|0.38|0.40|0.45|0.47
新三河島駅,三河島駅|赤土小学校前駅|町屋二丁目駅|西日暮里駅|町屋駅,0.51|0.73|0.78|0.85|0.88
町屋駅,町屋駅前駅|荒川七丁目駅|町屋二丁目駅|荒川二丁目駅|東尾久三丁目駅,0.03|0.29|0.42|0.55|0.67
千住大橋駅,南千住駅|北千住駅|荒川七丁目駅|荒川二丁目駅|荒川一中前駅,1.04|1.05|1.15|1.18|1.21
京成関屋駅,牛田駅|堀切駅|北千住駅|千住大橋駅|鐘ヶ淵駅,0.06|0.54|0.87|1.35|1.38
堀切菖蒲園駅,堀切駅|お花茶屋駅|牛田駅|京成関屋駅|綾瀬駅,1.03|1.11|1.46|1.47|1.63
お花茶屋駅,堀切菖蒲園駅|京成立石駅|青砥駅|四ツ木駅|堀切駅,1.11|1.30|1.49|1.79|2.06
青砥駅,京成立石駅|京成高砂駅|お花茶屋駅|柴又駅|新柴又駅,1.09|1.11|1.49|2.06|2.16
京成高砂駅,柴又駅|青砥駅|新柴又駅|京成小岩駅|京成金町駅,0.96|1.11|1.13|1.80|1.97
京成小岩駅,小岩駅|新柴又駅|江戸川駅|柴又駅|京成高砂駅,1.01|1.06|1.23|1.75|1.80
江戸川駅,京成小岩駅|小岩駅|新柴又駅|柴又駅|京成高砂駅,1.23|1.40|2.12|2.80|3.02
押上（スカイツリー前）駅,押上〈スカイツリー前〉駅|とうきょうスカイツリー駅|本所吾妻橋駅|曳舟駅|京成曳舟駅,0.00|0.33|0.79|0.92|1.07
京成曳舟駅,曳舟駅|東向島駅|押上〈スカイツリー前〉駅|押上（スカイツリー前）駅|小村井駅,0.30|0.66|1.07|1.07|1.13
八広駅,四ツ木駅|東向島駅|鐘ヶ淵駅|京成曳舟駅|曳舟駅,0.73|0.93|1.01|1.29|1.50
四ツ木駅,八広駅|鐘ヶ淵駅|京成立石駅|東向島駅|お花茶屋駅,0.73|1.33|1.42|1.64|1.79
京成立石駅,青砥駅|お花茶屋駅|四ツ木駅|八広駅|堀切菖蒲園駅,1.09|1.30|1.42|2.14|2.16
柴又駅,新柴又駅|京成高砂駅|京成金町駅|金町駅|京成小岩駅,0.70|0.96|1.42|1.53|1.75
京成金町駅,金町駅|柴又駅|京成高砂駅|亀有駅|新柴又駅,0.12|1.42|1.97|2.07|2.10
笹塚駅,代田橋駅|幡ヶ谷駅|東北沢駅|代々木上原駅|下北沢駅,0.77|0.88|1.07|1.27|1.35
代田橋駅,笹塚駅|明大前駅|新代田駅|東松原駅|下北沢駅,0.77|0.86|0.95|1.00|1.27
明大前駅,東松原駅|代田橋駅|下高井戸駅|永福町駅|新代田駅,0.82|0.86|0.86|1.08|1.14
下高井戸駅,松原駅|明大前駅|桜上水駅|永福町駅|東松原駅,0.68|0.86|0.92|1.13|1.34
桜上水駅,上北沢駅|下高井戸駅|松原駅|西永福駅|永福町駅,0.73|0.92|1.28|1.29|1.41
上北沢駅,桜上水駅|八幡山駅|芦花公園駅|浜田山駅|西永福駅,0.73|0.76|1.37|1.47|1.53
八幡山駅,芦花公園駅|上北沢駅|千歳烏山駅|高井戸駅|桜上水駅,0.60|0.76|1.31|1.47|1.50
芦花公園駅,八幡山駅|千歳烏山駅|上北沢駅|高井戸駅|富士見ヶ丘駅,0.60|0.74|1.37|1.55|1.59
千歳烏山駅,芦花公園駅|八幡山駅|仙川駅|富士見ヶ丘駅|上北沢駅,0.74|1.31|1.55|1.96|2.04
仙川駅,つつじヶ丘駅|千歳烏山駅|柴崎駅|芦花公園駅|成城学園前駅,1.01|1.55|1.89|2.29|2.77
つつじヶ丘駅,柴崎駅|仙川駅|国領駅|布田駅|千歳烏山駅,0.88|1.01|1.77|2.30|2.56
柴崎駅,つつじヶ丘駅|国領駅|布田駅|仙川駅|調布駅,0.88|0.88|1.43|1.89|2.05
国領駅,布田駅|柴崎駅|調布駅|つつじヶ丘駅|京王多摩川駅,0.58|0.88|1.29|1.77|2.03
布田駅,国領駅|調布駅|柴崎駅|京王多摩川駅|西調布駅,0.58|0.73|1.43|1.48|2.12
調布駅,布田駅|京王多摩川駅|国領駅|西調布駅|飛田給駅,0.73|1.08|1.29|1.39|2.03
西調布駅,飛田給駅|調布駅|京王多摩川駅|武蔵野台駅|矢野口駅,0.64|1.39|1.53|1.84|1.94
飛田給駅,西調布駅|武蔵野台駅|白糸台駅|多磨駅|多磨霊園駅,0.64|1.20|1.43|1.95|2.01
武蔵野台駅,白糸台駅|多磨霊園駅|飛田給駅|競艇場前駅|多磨駅,0.29|0.81|1.20|1.36|1.50
多磨霊園駅,白糸台駅|東府中駅|武蔵野台駅|競艇場前駅|府中競馬正門前駅,0.65|0.72|0.81|1.14|1.60
東府中駅,多磨霊園駅|府中競馬正門前駅|白糸台駅|府中駅|競艇場前駅,0.72|0.92|1.34|1.44|1.45
府中駅,府中競馬正門前駅|府中本町駅|分倍河原駅|北府中駅|東府中駅,0.64|0.76|1.08|1.21|1.44
中河原駅,西府駅|聖蹟桜ヶ丘駅|分倍河原駅|府中本町駅|百草園駅,1.26|1.36|1.42|1.89|2.39
聖蹟桜ヶ丘駅,中河原駅|百草園駅|京王永山駅|小田急永山駅|西府駅,1.36|1.59|2.30|2.32|2.42
百草園駅,聖蹟桜ヶ丘駅|高幡不動駅|万願寺駅|程久保駅|中河原駅,1.59|1.67|1.84|1.87|2.39
高幡不動駅,程久保駅|万願寺駅|百草園駅|多摩動物公園駅|甲州街道駅,0.82|1.17|1.67|1.69|1.84
南平駅,豊田駅|多摩動物公園駅|平山城址公園駅|程久保駅|中央大学・明星大学駅,1.10|1.26|1.35|1.69|2.05
平山城址公園駅,南平駅|豊田駅|長沼駅|多摩動物公園駅|北野駅,1.35|1.35|1.37|2.19|2.32
長沼駅,北野駅|平山城址公園駅|片倉駅|豊田駅|京王八王子駅,1.04|1.37|2.25|2.33|2.56
北野駅,長沼駅|片倉駅|京王片倉駅|京王八王子駅|八王子駅,1.04|1.31|1.57|1.73|1.86
京王八王子駅,八王子駅|京王片倉駅|北野駅|片倉駅|北八王子駅,0.48|1.58|1.73|1.98|2.19
京王多摩川駅,調布駅|矢野口駅|布田駅|西調布駅|国領駅,1.08|1.46|1.48|1.53|2.03
京王よみうりランド駅,矢野口駅|稲城駅|稲城長沼駅|京王多摩川駅|西調布駅,0.97|1.59|1.83|2.14|2.91
稲城駅,稲城長沼駅|京王よみうりランド駅|南多摩駅|矢野口駅|競艇場前駅,0.92|1.59|1.74|1.93|2.23
京王永山駅,小田急永山駅|小田急多摩センター駅|京王多摩センター駅|聖蹟桜ヶ丘駅|松が谷駅,0.03|2.23|2.25|2.30|2.35
京王多摩センター駅,小田急多摩センター駅|多摩センター駅|松が谷駅|唐木田駅|大塚・帝京大学駅,0.04|0.20|0.74|1.46|1.47
京王堀之内駅,唐木田駅|大塚・帝京大学駅|多摩センター駅|中央大学・明星大学駅|松が谷駅,1.34|2.01|2.03|2.09|2.13
南大沢駅,多摩境駅|京王堀之内駅|唐木田駅|長沼駅|平山城址公園駅,1.79|2.18|2.89|3.42|3.69
多摩境駅,南大沢駅|相原駅|京王堀之内駅|唐木田駅|長沼駅,1.79|3.24|3.92|4.35|4.55
京王片倉駅,片倉駅|八王子駅|山田駅|北野駅|京王八王子駅,0.64|1.26|1.44|1.57|1.58
山田駅,めじろ台駅|京王片倉駅|西八王子駅|八王子みなみ野駅|片倉駅,1.14|1.44|1.55|1.75|1.89
めじろ台駅,山田駅|狭間駅|西八王子駅|高尾駅|八王子みなみ野駅,1.14|1.36|1.49|2.39|2.47
狭間駅,高尾駅|めじろ台駅|高尾山口駅|西八王子駅|山田駅,1.07|1.36|2.35|2.46|2.50
高尾山口駅,高尾駅|狭間駅|めじろ台駅|西八王子駅|山田駅,1.53|2.35|3.70|4.70|4.81
府中競馬正門前駅,府中駅|府中本町駅|東府中駅|是政駅|分倍河原駅,0.64|0.76|0.92|1.38|1.46
多摩動物公園駅,中央大学・明星大学駅|程久保駅|南平駅|高幡不動駅|大塚・帝京大学駅,0.87|0.90|1.26|1.69|1.74
神泉駅,渋谷駅|駒場東大前駅|池尻大橋駅|代官山駅|代々木公園駅,0.74|0.85|1.11|1.33|1.39
駒場東大前駅,神泉駅|池尻大橋駅|池ノ上駅|代々木上原駅|代々木公園駅,0.85|0.90|1.00|1.22|1.24
池ノ上駅,東北沢駅|下北沢駅|駒場東大前駅|世田谷代田駅|代々木上原駅,0.55|0.58|1.00|1.10|1.15
下北沢駅,池ノ上駅|新代田駅|世田谷代田駅|東北沢駅|東松原駅,0.58|0.61|0.63|0.67|1.06
新代田駅,東松原駅|世田谷代田駅|下北沢駅|代田橋駅|梅ヶ丘駅,0.45|0.48|0.61|0.95|0.96
東松原駅,新代田駅|世田谷代田駅|梅ヶ丘駅|明大前駅|代田橋駅,0.45|0.72|0.75|0.82|1.00
永福町駅,西永福駅|明大前駅|下高井戸駅|桜上水駅|方南町駅,0.76|1.08|1.13|1.41|1.48
西永福駅,浜田山駅|永福町駅|桜上水駅|下高井戸駅|上北沢駅,0.73|0.76|1.29|1.53|1.53
浜田山駅,西永福駅|高井戸駅|上北沢駅|永福町駅|桜上水駅,0.73|1.13|1.47|1.49|1.58
高井戸駅,富士見ヶ丘駅|浜田山駅|八幡山駅|久我山駅|芦花公園駅,0.75|1.13|1.47|1.53|1.55
富士見ヶ丘駅,高井戸駅|久我山駅|芦花公園駅|八幡山駅|三鷹台駅,0.75|0.80|1.59|1.79|1.79
久我山駅,富士見ヶ丘駅|三鷹台駅|高井戸駅|西荻窪駅|井の頭公園駅,0.80|0.99|1.53|1.74|1.77
三鷹台駅,井の頭公園駅|久我山駅|吉祥寺駅|西荻窪駅|富士見ヶ丘駅,0.81|0.99|1.47|1.59|1.79
井の頭公園駅,吉祥寺駅|三鷹台駅|西荻窪駅|久我山駅|三鷹駅,0.69|0.81|1.63|1.77|2.14
新線新宿駅,新宿駅|新宿西口駅|南新宿駅|都庁前駅|新宿三丁目駅,0.18|0.51|0.58|0.60|0.63
初台駅,参宮橋駅|西新宿五丁目駅|幡ヶ谷駅|南新宿駅|都庁前駅,0.71|0.97|1.03|1.14|1.18
幡ヶ谷駅,笹塚駅|代々木上原駅|初台駅|東北沢駅|代々木八幡駅,0.88|0.95|1.03|1.33|1.41
南新宿駅,代々木駅|新線新宿駅|参宮橋駅|新宿駅|北参道駅,0.30|0.58|0.71|0.73|0.83
参宮橋駅,南新宿駅|初台駅|代々木駅|代々木八幡駅|北参道駅,0.71|0.71|0.91|1.07|1.07
代々木八幡駅,代々木公園駅|代々木上原駅|参宮橋駅|原宿駅|駒場東大前駅,0.06|0.79|1.07|1.24|1.29
代々木上原駅,東北沢駅|代々木八幡駅|代々木公園駅|幡ヶ谷駅|池ノ上駅,0.77|0.79|0.81|0.95|1.15
東北沢駅,池ノ上駅|下北沢駅|代々木上原駅|笹塚駅|新代田駅,0.55|0.67|0.77|1.07|1.17
世田谷代田駅,新代田駅|下北沢駅|東松原駅|梅ヶ丘駅|池ノ上駅,0.48|0.63|0.72|0.76|1.10
梅ヶ丘駅,豪徳寺駅|山下駅|東松原駅|世田谷代田駅|新代田駅,0.61|0.69|0.75|0.76|0.96
豪徳寺駅,山下駅|梅ヶ丘駅|宮の坂駅|松原駅|経堂駅,0.08|0.61|0.73|0.85|1.07
経堂駅,宮の坂駅|山下駅|豪徳寺駅|千歳船橋駅|松原駅,0.89|1.00|1.07|1.10|1.14
千歳船橋駅,経堂駅|祖師ヶ谷大蔵駅|宮の坂駅|上町駅|松原駅,1.10|1.43|1.84|2.01|2.09
祖師ヶ谷大蔵駅,成城学園前駅|千歳船橋駅|喜多見駅|経堂駅|千歳烏山駅,1.03|1.43|2.13|2.53|2.86
成城学園前駅,祖師ヶ谷大蔵駅|喜多見駅|狛江駅|千歳船橋駅|和泉多摩川駅,1.03|1.11|2.17|2.45|2.68
喜多見駅,狛江駅|成城学園前駅|和泉多摩川駅|祖師ヶ谷大蔵駅|つつじヶ丘駅,1.07|1.11|1.62|2.13|2.61
狛江駅,和泉多摩川駅|喜多見駅|成城学園前駅|柴崎駅|国領駅,0.60|1.07|2.17|2.62|2.65
和泉多摩川駅,狛江駅|喜多見駅|成城学園前駅|国領駅|柴崎駅,0.60|1.62|2.68|2.89|3.03
鶴川駅,玉川学園前駅|成瀬駅|町田駅|小田急永山駅|京王永山駅,2.73|5.35|5.52|6.03|6.03
玉川学園前駅,鶴川駅|町田駅|成瀬駅|つくし野駅|すずかけ台駅,2.73|2.78|3.23|4.45|5.41
小田急永山駅,京王永山駅|小田急多摩センター駅|京王多摩センター駅|聖蹟桜ヶ丘駅|松が谷駅,0.03|2.21|2.22|2.32|2.33
小田急多摩センター駅,京王多摩センター駅|多摩センター駅|松が谷駅|唐木田駅|大塚・帝京大学駅,0.04|0.19|0.78|1.46|1.51
唐木田駅,多摩センター駅|京王堀之内駅|小田急多摩センター駅|京王多摩センター駅|松が谷駅,1.28|1.34|1.46|1.46|1.92
代官山駅,恵比寿駅|中目黒駅|渋谷駅|神泉駅|祐天寺駅,0.61|0.64|1.20|1.33|1.67
中目黒駅,代官山駅|祐天寺駅|恵比寿駅|池尻大橋駅|神泉駅,0.64|1.03|1.07|1.49|1.55
祐天寺駅,中目黒駅|学芸大学駅|池尻大橋駅|代官山駅|三軒茶屋駅,1.03|1.06|1.60|1.67|2.00
学芸大学駅,祐天寺駅|都立大学駅|西小山駅|武蔵小山駅|中目黒駅,1.06|1.45|1.92|1.97|2.06
都立大学駅,緑が丘駅|自由が丘駅|大岡山駅|学芸大学駅|奥沢駅,1.30|1.37|1.44|1.45|1.58
自由が丘駅,奥沢駅|九品仏駅|緑が丘駅|田園調布駅|尾山台駅,0.49|0.72|0.98|1.16|1.34
田園調布駅,多摩川駅|奥沢駅|九品仏駅|自由が丘駅|雪が谷大塚駅,0.81|0.91|1.11|1.16|1.35
多摩川駅,田園調布駅|沼部駅|雪が谷大塚駅|御嶽山駅|奥沢駅,0.81|0.88|1.15|1.33|1.63
不動前駅,目黒駅|大崎広小路駅|五反田駅|武蔵小山駅|戸越銀座駅,0.77|0.84|0.85|1.13|1.18
武蔵小山駅,西小山駅|戸越銀座駅|不動前駅|戸越駅|荏原中延駅,0.77|1.06|1.13|1.26|1.35
西小山駅,洗足駅|武蔵小山駅|北千束駅|旗の台駅|荏原中延駅,0.68|0.77|1.13|1.21|1.36
洗足駅,北千束駅|西小山駅|大岡山駅|旗の台駅|長原駅,0.47|0.68|0.83|0.94|0.97
大岡山駅,緑が丘駅|北千束駅|洗足駅|洗足池駅|石川台駅,0.59|0.68|0.83|0.98|1.18
奥沢駅,自由が丘駅|緑が丘駅|田園調布駅|九品仏駅|大岡山駅,0.49|0.70|0.91|1.04|1.28
池尻大橋駅,駒場東大前駅|神泉駅|池ノ上駅|三軒茶屋駅|中目黒駅,0.90|1.11|1.46|1.49|1.49
三軒茶屋駅,西太子堂駅|若林駅|松陰神社前駅|駒沢大学駅|池尻大橋駅,0.35|0.96|1.35|1.37|1.49
駒沢大学駅,西太子堂駅|松陰神社前駅|三軒茶屋駅|若林駅|世田谷駅,1.30|1.30|1.37|1.39|1.48
桜新町駅,用賀駅|上町駅|世田谷駅|駒沢大学駅|松陰神社前駅,1.14|1.34|1.43|1.54|1.66
用賀駅,桜新町駅|上野毛駅|二子玉川駅|上町駅|等々力駅,1.14|1.67|1.75|2.21|2.37
二子玉川駅,上野毛駅|用賀駅|等々力駅|尾山台駅|桜新町駅,1.10|1.75|1.96|2.51|2.74
つくし野駅,すずかけ台駅|成瀬駅|南町田グランベリーパーク駅|町田駅|玉川学園前駅,1.20|1.41|2.23|3.98|4.45
すずかけ台駅,南町田グランベリーパーク駅|つくし野駅|成瀬駅|町田駅|玉川学園前駅,1.20|1.20|2.18|4.37|5.41
南町田グランベリーパーク駅,すずかけ台駅|つくし野駅|成瀬駅|町田駅|玉川学園前駅,1.20|2.23|2.66|4.17|5.80
下神明駅,戸越公園駅|大井町駅|西大井駅|戸越駅|中延駅,0.73|0.81|0.89|1.10|1.23
戸越公園駅,荏原中延駅|中延駅|戸越駅|下神明駅|戸越銀座駅,0.55|0.57|0.66|0.73|0.84
中延駅,荏原中延駅|荏原町駅|戸越公園駅|西大井駅|旗の台駅,0.49|0.55|0.57|0.90|0.98
荏原町駅,旗の台駅|中延駅|荏原中延駅|長原駅|馬込駅,0.49|0.55|0.81|0.89|0.90
旗の台駅,荏原町駅|長原駅|北千束駅|洗足駅|中延駅,0.49|0.50|0.83|0.94|0.98
北千束駅,洗足駅|長原駅|大岡山駅|洗足池駅|旗の台駅,0.47|0.62|0.68|0.77|0.83
緑が丘駅,大岡山駅|奥沢駅|自由が丘駅|石川台駅|北千束駅,0.59|0.70|0.98|1.17|1.25
九品仏駅,尾山台駅|自由が丘駅|奥沢駅|田園調布駅|等々力駅,0.67|0.72|1.04|1.11|1.22
尾山台駅,等々力駅|九品仏駅|自由が丘駅|上野毛駅|田園調布駅,0.56|0.67|1.34|1.46|1.66
等々力駅,尾山台駅|上野毛駅|九品仏駅|自由が丘駅|二子玉川駅,0.56|0.91|1.22|1.87|1.96
上野毛駅,等々力駅|二子玉川駅|尾山台駅|用賀駅|九品仏駅,0.91|1.10|1.46|1.67|2.12
大崎広小路駅,五反田駅|大崎駅|不動前駅|戸越銀座駅|戸越駅,0.46|0.62|0.84|0.97|1.00
戸越銀座駅,戸越駅|荏原中延駅|戸越公園駅|大崎広小路駅|武蔵小山駅,0.21|0.69|0.84|0.97|1.06
荏原中延駅,中延駅|戸越公園駅|戸越駅|戸越銀座駅|荏原町駅,0.49|0.55|0.64|0.69|0.81
長原駅,旗の台駅|北千束駅|洗足池駅|荏原町駅|洗足駅,0.50|0.62|0.69|0.89|0.97
洗足池駅,石川台駅|長原駅|北千束駅|大岡山駅|旗の台駅,0.61|0.69|0.77|0.98|1.18
石川台駅,洗足池駅|雪が谷大塚駅|緑が丘駅|大岡山駅|北千束駅,0.61|0.65|1.17|1.18|1.28
雪が谷大塚駅,石川台駅|御嶽山駅|多摩川駅|洗足池駅|沼部駅,0.65|0.77|1.15|1.22|1.27
御嶽山駅,久が原駅|雪が谷大塚駅|沼部駅|鵜の木駅|石川台駅,0.70|0.77|0.88|1.10|1.31
久が原駅,鵜の木駅|御嶽山駅|千鳥町駅|下丸子駅|沼部駅,0.64|0.70|0.89|0.90|1.17
千鳥町駅,下丸子駅|武蔵新田駅|久が原駅|鵜の木駅|池上駅,0.56|0.58|0.89|1.02|1.03
池上駅,蓮沼駅|千鳥町駅|武蔵新田駅|矢口渡駅|下丸子駅,1.01|1.03|1.04|1.08|1.56
蓮沼駅,蒲田駅|矢口渡駅|池上駅|京急蒲田駅|武蔵新田駅,0.64|0.76|1.01|1.42|1.50
沼部駅,御嶽山駅|多摩川駅|鵜の木駅|久が原駅|雪が谷大塚駅,0.88|0.88|1.02|1.17|1.27
鵜の木駅,下丸子駅|久が原駅|千鳥町駅|沼部駅|御嶽山駅,0.64|0.64|1.02|1.02|1.10
下丸子駅,千鳥町駅|鵜の木駅|武蔵新田駅|久が原駅|池上駅,0.56|0.64|0.74|0.90|1.56
武蔵新田駅,千鳥町駅|下丸子駅|矢口渡駅|池上駅|鵜の木駅,0.58|0.74|0.93|1.04|1.37
矢口渡駅,蓮沼駅|武蔵新田駅|池上駅|蒲田駅|千鳥町駅,0.76|0.93|1.08|1.33|1.42
西太子堂駅,三軒茶屋駅|若林駅|松陰神社前駅|駒沢大学駅|世田谷駅,0.35|0.60|1.01|1.30|1.40
若林駅,松陰神社前駅|西太子堂駅|世田谷駅|三軒茶屋駅|梅ヶ丘駅,0.48|0.60|0.85|0.96|1.26
松陰神社前駅,世田谷駅|若林駅|上町駅|宮の坂駅|西太子堂駅,0.39|0.48|0.81|1.01|1.01
世田谷駅,松陰神社前駅|上町駅|宮の坂駅|若林駅|豪徳寺駅,0.39|0.42|0.70|0.85|1.18
上町駅,世田谷駅|宮の坂駅|松陰神社前駅|山下駅|豪徳寺駅,0.42|0.44|0.81|1.13|1.13
宮の坂駅,上町駅|世田谷駅|山下駅|豪徳寺駅|経堂駅,0.44|0.70|0.72|0.73|0.89
山下駅,豪徳寺駅|梅ヶ丘駅|宮の坂駅|松原駅|経堂駅,0.08|0.69|0.72|0.80|1.00
松原駅,下高井戸駅|山下駅|豪徳寺駅|梅ヶ丘駅|経堂駅,0.68|0.80|0.85|1.14|1.14
泉岳寺駅,高輪ゲートウェイ駅|白金高輪駅|田町駅|品川駅|高輪台駅,0.36|0.71|1.04|1.12|1.17
北品川駅,新馬場駅|品川駅|大崎駅|天王洲アイル駅|高輪台駅,0.57|0.69|1.01|1.04|1.30
新馬場駅,北品川駅|青物横丁駅|天王洲アイル駅|大崎駅|品川駅,0.57|0.93|0.96|1.19|1.25
青物横丁駅,鮫洲駅|品川シーサイド駅|大井町駅|新馬場駅|立会川駅,0.49|0.60|0.76|0.93|1.26
鮫洲駅,青物横丁駅|大井町駅|品川シーサイド駅|立会川駅|大井競馬場前駅,0.49|0.70|0.77|0.78|1.19
立会川駅,鮫洲駅|大井競馬場前駅|大井町駅|大森海岸駅|青物横丁駅,0.78|0.83|1.02|1.25|1.26
大森海岸駅,大森駅|平和島駅|立会川駅|大井競馬場前駅|流通センター駅,0.68|0.99|1.25|1.34|1.38
平和島駅,大森町駅|大森海岸駅|大森駅|流通センター駅|梅屋敷駅,0.74|0.99|1.29|1.32|1.44
大森町駅,梅屋敷駅|平和島駅|京急蒲田駅|昭和島駅|大森海岸駅,0.70|0.74|1.50|1.63|1.71
梅屋敷駅,大森町駅|京急蒲田駅|蒲田駅|糀谷駅|平和島駅,0.70|0.79|1.31|1.38|1.44
京急蒲田駅,蒲田駅|梅屋敷駅|糀谷駅|蓮沼駅|雑色駅,0.79|0.79|0.88|1.42|1.46
雑色駅,六郷土手駅|蒲田駅|糀谷駅|京急蒲田駅|蓮沼駅,1.22|1.36|1.42|1.46|1.71
六郷土手駅,雑色駅|蒲田駅|矢口渡駅|糀谷駅|蓮沼駅,1.22|2.47|2.52|2.52|2.62
糀谷駅,京急蒲田駅|大鳥居駅|梅屋敷駅|雑色駅|蒲田駅,0.88|0.91|1.38|1.42|1.55
大鳥居駅,穴守稲荷駅|糀谷駅|整備場駅|天空橋駅|京急蒲田駅,0.70|0.91|1.30|1.40|1.69
穴守稲荷駅,天空橋駅|大鳥居駅|整備場駅|糀谷駅|羽田空港第3ターミナル駅,0.70|0.70|0.81|1.61|2.09
天空橋駅,整備場駅|穴守稲荷駅|羽田空港第3ターミナル駅|大鳥居駅|糀谷駅,0.69|0.70|1.39|1.40|2.31
羽田空港第3ターミナル駅,天空橋駅|羽田空港第1ターミナル駅|新整備場駅|羽田空港第1・第2ターミナル駅|整備場駅,1.39|1.54|1.65|1.68|1.82
羽田空港第1・第2ターミナル駅,羽田空港第1ターミナル駅|羽田空港第2ターミナル駅|新整備場駅|羽田空港第3ターミナル駅|天空橋駅,0.14|0.21|0.78|1.68|2.87
田原町駅,浅草駅|蔵前駅|稲荷町駅|新御徒町駅|本所吾妻橋駅,0.52|0.74|0.76|0.87|1.25
稲荷町駅,新御徒町駅|上野駅|田原町駅|仲御徒町駅|京成上野駅,0.47|0.54|0.76|0.78|0.81
上野広小路駅,上野御徒町駅|御徒町駅|湯島駅|仲御徒町駅|京成上野駅,0.13|0.17|0.27|0.32|0.40
末広町駅,秋葉原駅|上野広小路駅|御徒町駅|仲御徒町駅|上野御徒町駅,0.53|0.53|0.55|0.57|0.60
三越前駅,新日本橋駅|日本橋駅|神田駅|小伝馬町駅|大手町駅,0.30|0.46|0.68|0.70|0.80
日本橋駅,三越前駅|茅場町駅|京橋駅|東京駅|新日本橋駅,0.46|0.57|0.68|0.75|0.75
京橋駅,宝町駅|銀座一丁目駅|有楽町駅|東京駅|日本橋駅,0.21|0.39|0.60|0.63|0.68
銀座駅,銀座一丁目駅|有楽町駅|東銀座駅|日比谷駅|京橋駅,0.38|0.39|0.41|0.51|0.77
虎ノ門駅,虎ノ門ヒルズ駅|霞ケ関駅|内幸町駅|国会議事堂前駅|桜田門駅,0.36|0.41|0.52|0.58|0.81
溜池山王駅,赤坂駅|国会議事堂前駅|赤坂見附駅|永田町駅|虎ノ門駅,0.28|0.34|0.55|0.58|0.85
赤坂見附駅,永田町駅|赤坂駅|溜池山王駅|麹町駅|国会議事堂前駅,0.35|0.44|0.55|0.78|0.81
青山一丁目駅,外苑前駅|乃木坂駅|信濃町駅|国立競技場駅|六本木駅,0.62|0.72|0.86|1.13|1.24
外苑前駅,青山一丁目駅|表参道駅|乃木坂駅|国立競技場駅|信濃町駅,0.62|0.77|0.87|1.07|1.09
表参道駅,外苑前駅|明治神宮前〈原宿〉駅|原宿駅|渋谷駅|乃木坂駅,0.77|0.79|1.06|1.20|1.26
新大塚駅,向原駅|大塚駅|大塚駅前駅|護国寺駅|東池袋四丁目駅,0.58|0.65|0.66|0.77|0.90
茗荷谷駅,江戸川橋駅|護国寺駅|新大塚駅|千石駅|白山駅,0.89|0.90|1.16|1.40|1.43
後楽園駅,春日駅|水道橋駅|本郷三丁目駅|飯田橋駅|東大前駅,0.23|0.63|0.74|0.91|1.21
本郷三丁目駅,春日駅|水道橋駅|後楽園駅|御茶ノ水駅|湯島駅,0.67|0.68|0.74|0.89|0.90
淡路町駅,小川町駅|新御茶ノ水駅|神田駅|御茶ノ水駅|秋葉原駅,0.08|0.33|0.49|0.57|0.68
大手町駅,東京駅|二重橋前駅|三越前駅|新日本橋駅|神田駅,0.51|0.58|0.80|0.84|0.86
霞ケ関駅,桜田門駅|虎ノ門駅|国会議事堂前駅|内幸町駅|虎ノ門ヒルズ駅,0.40|0.41|0.51|0.62|0.76
国会議事堂前駅,溜池山王駅|霞ケ関駅|虎ノ門駅|赤坂駅|桜田門駅,0.34|0.51|0.58|0.62|0.68
四谷三丁目駅,曙橋駅|新宿御苑前駅|信濃町駅|四ツ谷駅|国立競技場駅,0.55|0.85|0.88|0.95|1.02
新宿御苑前駅,新宿三丁目駅|千駄ケ谷駅|四谷三丁目駅|新宿駅|代々木駅,0.54|0.82|0.85|0.97|1.00
新宿三丁目駅,新宿駅|新宿御苑前駅|新宿西口駅|新線新宿駅|西武新宿駅,0.48|0.54|0.62|0.63|0.78
西新宿駅,都庁前駅|新宿西口駅|西武新宿駅|新宿駅|新線新宿駅,0.42|0.59|0.69|0.82|0.83
中野坂上駅,西新宿五丁目駅|中野新橋駅|西新宿駅|東中野駅|都庁前駅,0.87|0.98|0.98|1.03|1.19
新中野駅,中野新橋駅|中野富士見町駅|中野駅|東高円寺駅|中野坂上駅,0.75|0.80|0.96|1.01|1.22
東高円寺駅,新高円寺駅|新中野駅|高円寺駅|中野駅|中野富士見町駅,0.88|1.01|1.11|1.14|1.15
新高円寺駅,高円寺駅|東高円寺駅|南阿佐ケ谷駅|阿佐ケ谷駅|方南町駅,0.83|0.88|1.12|1.34|1.78
南阿佐ケ谷駅,阿佐ケ谷駅|新高円寺駅|高円寺駅|荻窪駅|東高円寺駅,0.58|1.12|1.40|1.51|2.00
中野新橋駅,中野富士見町駅|新中野駅|西新宿五丁目駅|中野坂上駅|東高円寺駅,0.66|0.75|0.96|0.98|1.59
中野富士見町駅,中野新橋駅|新中野駅|東高円寺駅|方南町駅|西新宿五丁目駅,0.66|0.80|1.15|1.22|1.57
方南町駅,中野富士見町駅|代田橋駅|笹塚駅|永福町駅|東高円寺駅,1.22|1.40|1.45|1.48|1.59
三ノ輪駅,三ノ輪橋駅|荒川一中前駅|荒川区役所前駅|南千住駅|荒川二丁目駅,0.29|0.50|0.74|0.80|1.17
入谷駅,鶯谷駅|稲荷町駅|上野駅|田原町駅|三ノ輪駅,0.56|0.96|0.96|1.27|1.28
仲御徒町駅,御徒町駅|上野御徒町駅|上野広小路駅|新御徒町駅|京成上野駅,0.15|0.21|0.32|0.53|0.56
小伝馬町駅,馬喰横山駅|馬喰町駅|新日本橋駅|岩本町駅|東日本橋駅,0.42|0.46|0.52|0.58|0.60
人形町駅,水天宮前駅|浜町駅|小伝馬町駅|馬喰横山駅|東日本橋駅,0.49|0.58|0.60|0.65|0.69
茅場町駅,日本橋駅|水天宮前駅|八丁堀駅|人形町駅|宝町駅,0.57|0.58|0.61|0.76|0.88
築地駅,新富町駅|東銀座駅|築地市場駅|宝町駅|八丁堀駅,0.28|0.51|0.63|0.82|0.85
東銀座駅,銀座駅|築地駅|築地市場駅|銀座一丁目駅|新富町駅,0.41|0.51|0.51|0.54|0.59
日比谷駅,有楽町駅|銀座駅|銀座一丁目駅|内幸町駅|二重橋前駅,0.37|0.51|0.67|0.68|0.71
虎ノ門ヒルズ駅,虎ノ門駅|神谷町駅|内幸町駅|国会議事堂前駅|霞ケ関駅,0.36|0.55|0.75|0.76|0.76
神谷町駅,虎ノ門ヒルズ駅|御成門駅|六本木一丁目駅|赤羽橋駅|虎ノ門駅,0.55|0.62|0.62|0.89|0.91
六本木駅,乃木坂駅|六本木一丁目駅|麻布十番駅|神谷町駅|青山一丁目駅,0.59|0.72|0.98|1.22|1.24
広尾駅,恵比寿駅|麻布十番駅|六本木駅|白金高輪駅|乃木坂駅,1.27|1.35|1.49|1.50|1.63
落合駅,中井駅|東中野駅|下落合駅|新井薬師前駅|落合南長崎駅,0.40|0.57|0.91|1.43|1.45
早稲田駅,面影橋駅|西早稲田駅|若松河田駅|学習院下駅|牛込柳町駅,0.69|1.00|1.08|1.08|1.12
神楽坂駅,牛込神楽坂駅|江戸川橋駅|飯田橋駅|牛込柳町駅|市ケ谷駅,0.35|0.64|0.93|0.98|1.35
九段下駅,神保町駅|竹橋駅|水道橋駅|飯田橋駅|御茶ノ水駅,0.53|0.70|0.83|0.97|1.24
竹橋駅,神保町駅|九段下駅|大手町駅|小川町駅|淡路町駅,0.58|0.70|0.88|1.01|1.10
門前仲町駅,越中島駅|木場駅|清澄白河駅|月島駅|水天宮前駅,0.54|1.02|1.16|1.33|1.55
木場駅,東陽町駅|門前仲町駅|越中島駅|潮見駅|清澄白河駅,0.95|1.02|1.30|1.50|1.60
東陽町駅,木場駅|南砂町駅|潮見駅|門前仲町駅|住吉駅,0.95|1.18|1.21|1.94|2.17
南砂町駅,東陽町駅|潮見駅|木場駅|西大島駅|大島駅,1.18|1.64|2.13|2.32|2.39
西葛西駅,葛西駅|船堀駅|葛西臨海公園駅|南砂町駅|東大島駅,1.20|2.17|2.26|2.62|3.10
葛西駅,西葛西駅|葛西臨海公園駅|船堀駅|一之江駅|南砂町駅,1.20|2.34|2.37|2.67|3.81
北綾瀬駅,青井駅|六町駅|綾瀬駅|亀有駅|五反野駅,1.21|1.27|1.77|1.83|2.37
千駄木駅,日暮里駅|西日暮里駅|本駒込駅|根津駅|東大前駅,0.77|0.79|0.86|0.93|1.00
根津駅,東大前駅|千駄木駅|京成上野駅|湯島駅|上野駅,0.69|0.93|0.99|1.09|1.13
湯島駅,上野広小路駅|上野御徒町駅|御徒町駅|京成上野駅|仲御徒町駅,0.27|0.40|0.45|0.47|0.59
新御茶ノ水駅,御茶ノ水駅|淡路町駅|小川町駅|秋葉原駅|末広町駅,0.24|0.33|0.34|0.71|0.75
二重橋前駅,東京駅|大手町駅|有楽町駅|日比谷駅|京橋駅,0.37|0.58|0.63|0.71|0.87
赤坂駅,溜池山王駅|赤坂見附駅|国会議事堂前駅|永田町駅|六本木一丁目駅,0.28|0.44|0.62|0.64|0.85
乃木坂駅,六本木駅|青山一丁目駅|外苑前駅|六本木一丁目駅|表参道駅,0.59|0.72|0.87|1.16|1.26
明治神宮前〈原宿〉駅,原宿駅|表参道駅|北参道駅|渋谷駅|外苑前駅,0.28|0.79|1.08|1.13|1.20
代々木公園駅,代々木八幡駅|代々木上原駅|参宮橋駅|原宿駅|駒場東大前駅,0.06|0.81|1.12|1.23|1.24
地下鉄成増駅,成増駅|下赤塚駅|地下鉄赤塚駅|光が丘駅|西高島平駅,0.17|1.35|1.35|2.02|2.14
地下鉄赤塚駅,下赤塚駅|成増駅|地下鉄成増駅|平和台駅|東武練馬駅,0.08|1.34|1.35|1.60|1.62
平和台駅,氷川台駅|練馬春日町駅|東武練馬駅|地下鉄赤塚駅|下赤塚駅,1.41|1.41|1.41|1.60|1.64
氷川台駅,新桜台駅|桜台駅|小竹向原駅|平和台駅|江古田駅,1.01|1.22|1.33|1.41|1.48
千川駅,要町駅|東長崎駅|小竹向原駅|椎名町駅|江古田駅,1.02|1.06|1.15|1.37|1.48
要町駅,椎名町駅|千川駅|池袋駅|東長崎駅|目白駅,0.84|1.02|1.12|1.43|1.57
東池袋駅,東池袋四丁目駅|都電雑司ヶ谷駅|向原駅|鬼子母神前駅|雑司が谷駅,0.07|0.21|0.60|0.73|0.75
護国寺駅,新大塚駅|茗荷谷駅|東池袋四丁目駅|東池袋駅|都電雑司ヶ谷駅,0.77|0.90|0.97|1.03|1.04
江戸川橋駅,神楽坂駅|茗荷谷駅|牛込神楽坂駅|護国寺駅|早稲田駅,0.64|0.89|0.98|1.19|1.21
麹町駅,半蔵門駅|永田町駅|四ツ谷駅|赤坂見附駅|市ケ谷駅,0.41|0.63|0.69|0.78|0.86
永田町駅,赤坂見附駅|溜池山王駅|麹町駅|赤坂駅|国会議事堂前駅,0.35|0.58|0.63|0.64|0.70
桜田門駅,霞ケ関駅|国会議事堂前駅|日比谷駅|虎ノ門駅|内幸町駅,0.40|0.68|0.78|0.81|0.93
銀座一丁目駅,有楽町駅|銀座駅|京橋駅|宝町駅|東銀座駅,0.34|0.38|0.39|0.44|0.54
新富町駅,築地駅|八丁堀駅|宝町駅|東銀座駅|銀座一丁目駅,0.28|0.58|0.58|0.59|0.74
月島駅,越中島駅|勝どき駅|築地駅|新富町駅|八丁堀駅,0.84|1.00|1.11|1.13|1.26
豊洲駅,新豊洲駅|市場前駅|越中島駅|月島駅|辰巳駅,0.82|1.33|1.53|1.57|1.65
辰巳駅,東雲駅|新木場駅|潮見駅|豊洲駅|新豊洲駅,0.75|1.49|1.58|1.65|1.88
半蔵門駅,麹町駅|永田町駅|市ケ谷駅|市ヶ谷駅|四ツ谷駅,0.41|0.78|0.82|0.82|1.02
神保町駅,九段下駅|竹橋駅|御茶ノ水駅|新御茶ノ水駅|小川町駅,0.53|0.58|0.77|0.78|0.81
水天宮前駅,人形町駅|茅場町駅|浜町駅|日本橋駅|東日本橋駅,0.49|0.58|0.69|1.01|1.05
清澄白河駅,森下駅|菊川駅|門前仲町駅|浜町駅|水天宮前駅,0.67|0.95|1.16|1.20|1.22
住吉駅,菊川駅|錦糸町駅|西大島駅|亀戸駅|森下駅,0.87|0.89|0.95|1.36|1.68
赤羽岩淵駅,赤羽駅|志茂駅|北赤羽駅|東十条駅|王子神谷駅,0.61|1.12|1.53|2.22|2.38
志茂駅,赤羽駅|赤羽岩淵駅|王子神谷駅|東十条駅|十条駅,1.05|1.12|1.45|1.65|2.17
王子神谷駅,東十条駅|王子駅|十条駅|王子駅前駅|志茂駅,0.83|1.33|1.35|1.40|1.45
西ケ原駅,上中里駅|栄町駅|滝野川一丁目駅|飛鳥山駅|梶原駅,0.34|0.54|0.64|0.65|0.73
本駒込駅,白山駅|東大前駅|千駄木駅|千石駅|根津駅,0.34|0.82|0.86|0.92|1.30
東大前駅,白山駅|根津駅|本駒込駅|春日駅|千駄木駅,0.68|0.69|0.82|0.99|1.00
六本木一丁目駅,神谷町駅|六本木駅|虎ノ門ヒルズ駅|赤坂駅|溜池山王駅,0.62|0.72|0.82|0.85|0.92
麻布十番駅,赤羽橋駅|六本木駅|神谷町駅|六本木一丁目駅|芝公園駅,0.64|0.98|1.12|1.13|1.21
白金高輪駅,泉岳寺駅|白金台駅|高輪ゲートウェイ駅|田町駅|高輪台駅,0.71|0.91|1.01|1.26|1.29
白金台駅,高輪台駅|白金高輪駅|目黒駅|泉岳寺駅|五反田駅,0.79|0.91|1.08|1.26|1.32
雑司が谷駅,鬼子母神前駅|学習院下駅|都電雑司ヶ谷駅|東池袋四丁目駅|東池袋駅,0.02|0.49|0.53|0.73|0.75
西早稲田駅,高田馬場駅|面影橋駅|学習院下駅|早稲田駅|東新宿駅,0.69|0.71|0.94|1.00|1.10
東新宿駅,新大久保駅|西武新宿駅|新宿三丁目駅|新宿西口駅|大久保駅,0.71|0.72|0.87|0.95|0.96
北参道駅,代々木駅|千駄ケ谷駅|南新宿駅|国立競技場駅|原宿駅,0.61|0.64|0.83|0.87|0.90
都庁前駅,西新宿駅|新線新宿駅|新宿西口駅|新宿駅|西新宿五丁目駅,0.42|0.60|0.67|0.68|0.75
新宿西口駅,西武新宿駅|新宿駅|新線新宿駅|西新宿駅|新宿三丁目駅,0.34|0.38|0.51|0.59|0.62
若松河田駅,牛込柳町駅|曙橋駅|東新宿駅|早稲田駅|四谷三丁目駅,0.62|0.87|0.96|1.08|1.26
牛込柳町駅,若松河田駅|曙橋駅|神楽坂駅|牛込神楽坂駅|早稲田駅,0.62|0.81|0.98|0.98|1.12
牛込神楽坂駅,神楽坂駅|飯田橋駅|江戸川橋駅|牛込柳町駅|市ケ谷駅,0.35|0.81|0.98|0.98|1.01
春日駅,後楽園駅|本郷三丁目駅|水道橋駅|東大前駅|飯田橋駅,0.23|0.67|0.78|0.99|1.14
上野御徒町駅,御徒町駅|上野広小路駅|仲御徒町駅|京成上野駅|湯島駅,0.08|0.13|0.21|0.38|0.40
新御徒町駅,稲荷町駅|仲御徒町駅|御徒町駅|上野御徒町駅|上野駅,0.47|0.53|0.65|0.69|0.81
蔵前駅,田原町駅|浅草橋駅|両国駅|新御徒町駅|浅草駅,0.74|0.82|0.86|0.91|1.03
森下駅,清澄白河駅|浜町駅|菊川駅|両国駅|東日本橋駅,0.67|0.80|0.81|0.94|1.19
勝どき駅,月島駅|築地市場駅|築地駅|新富町駅|竹芝駅,1.00|1.11|1.12|1.35|1.39
築地市場駅,東銀座駅|汐留駅|築地駅|新橋駅|銀座駅,0.51|0.62|0.63|0.74|0.83
汐留駅,新橋駅|築地市場駅|御成門駅|内幸町駅|大門駅,0.35|0.62|0.82|0.83|0.88
大門駅,モノレール浜松町駅|浜松町駅|芝公園駅|御成門駅|竹芝駅,0.23|0.27|0.53|0.57|0.73
赤羽橋駅,芝公園駅|麻布十番駅|三田駅|神谷町駅|御成門駅,0.57|0.64|0.89|0.89|0.99
国立競技場駅,千駄ケ谷駅|信濃町駅|北参道駅|四谷三丁目駅|新宿御苑前駅,0.33|0.52|0.87|1.02|1.04
西新宿五丁目駅,都庁前駅|中野坂上駅|西新宿駅|中野新橋駅|初台駅,0.75|0.87|0.91|0.96|0.97
落合南長崎駅,東長崎駅|中井駅|椎名町駅|新井薬師前駅|下落合駅,0.71|1.05|1.05|1.30|1.39
新江古田駅,江古田駅|新桜台駅|桜台駅|東長崎駅|小竹向原駅,0.59|0.94|1.00|1.17|1.44
練馬春日町駅,豊島園駅|光が丘駅|平和台駅|中村橋駅|富士見台駅,1.26|1.31|1.41|1.65|1.97
光が丘駅,練馬春日町駅|地下鉄赤塚駅|下赤塚駅|地下鉄成増駅|成増駅,1.31|1.88|1.96|2.02|2.16
西馬込駅,馬込駅|池上駅|長原駅|荏原町駅|洗足池駅,1.19|1.67|1.85|1.89|1.96
馬込駅,荏原町駅|中延駅|西大井駅|西馬込駅|旗の台駅,0.90|1.04|1.07|1.19|1.27
戸越駅,戸越銀座駅|荏原中延駅|戸越公園駅|大崎広小路駅|中延駅,0.21|0.64|0.66|1.00|1.03
高輪台駅,白金台駅|五反田駅|品川駅|高輪ゲートウェイ駅|泉岳寺駅,0.79|0.84|0.84|1.03|1.17
三田駅,田町駅|芝公園駅|赤羽橋駅|日の出駅|芝浦ふ頭駅,0.29|0.66|0.89|0.93|1.08
宝町駅,京橋駅|銀座一丁目駅|八丁堀駅|新富町駅|有楽町駅,0.21|0.44|0.51|0.58|0.73
東日本橋駅,馬喰横山駅|馬喰町駅|浜町駅|浅草橋駅|小伝馬町駅,0.19|0.26|0.50|0.59|0.60
本所吾妻橋駅,とうきょうスカイツリー駅|押上〈スカイツリー前〉駅|押上（スカイツリー前）駅|浅草駅|田原町駅,0.47|0.79|0.79|0.82|1.25
芝公園駅,大門駅|赤羽橋駅|モノレール浜松町駅|三田駅|浜松町駅,0.53|0.57|0.65|0.66|0.68
御成門駅,大門駅|神谷町駅|虎ノ門ヒルズ駅|モノレール浜松町駅|芝公園駅,0.57|0.62|0.77|0.77|0.81
内幸町駅,新橋駅|虎ノ門駅|霞ケ関駅|日比谷駅|虎ノ門ヒルズ駅,0.49|0.52|0.62|0.68|0.75
白山駅,本駒込駅|東大前駅|千石駅|千駄木駅|根津駅,0.34|0.68|0.98|1.10|1.30
千石駅,巣鴨駅|本駒込駅|白山駅|駒込駅|新大塚駅,0.81|0.92|0.98|1.02|1.36
西巣鴨駅,新庚申塚駅|西ヶ原四丁目駅|庚申塚駅|滝野川一丁目駅|板橋駅,0.29|0.38|0.45|0.74|0.86
新板橋駅,板橋駅|下板橋駅|北池袋駅|板橋区役所前駅|西巣鴨駅,0.38|0.59|0.89|0.94|0.97
板橋区役所前駅,下板橋駅|大山駅|新板橋駅|板橋駅|板橋本町駅,0.75|0.75|0.94|1.07|1.19
板橋本町駅,本蓮沼駅|中板橋駅|板橋区役所前駅|大山駅|十条駅,0.88|1.14|1.19|1.46|1.51
本蓮沼駅,板橋本町駅|志村坂上駅|中板橋駅|ときわ台駅|志村三丁目駅,0.88|0.99|1.56|1.63|1.76
志村坂上駅,志村三丁目駅|本蓮沼駅|北赤羽駅|浮間舟渡駅|蓮根駅,0.87|0.99|1.56|1.76|1.76
志村三丁目駅,志村坂上駅|蓮根駅|西台駅|浮間舟渡駅|上板橋駅,0.87|0.99|1.52|1.61|1.76
蓮根駅,西台駅|志村三丁目駅|浮間舟渡駅|高島平駅|志村坂上駅,0.54|0.99|1.35|1.68|1.76
西台駅,蓮根駅|高島平駅|志村三丁目駅|浮間舟渡駅|新高島平駅,0.54|1.17|1.52|1.63|1.81
高島平駅,新高島平駅|西台駅|西高島平駅|蓮根駅|東武練馬駅,0.64|1.17|1.41|1.68|2.26
新高島平駅,高島平駅|西高島平駅|西台駅|蓮根駅|下赤塚駅,0.64|0.77|1.81|2.32|2.35
西高島平駅,新高島平駅|高島平駅|成増駅|地下鉄成増駅|下赤塚駅,0.77|1.41|1.97|2.14|2.37
曙橋駅,四谷三丁目駅|牛込柳町駅|若松河田駅|四ツ谷駅|新宿御苑前駅,0.55|0.81|0.87|1.00|1.18
市ヶ谷駅,半蔵門駅|麹町駅|四ツ谷駅|牛込神楽坂駅|曙橋駅,0.82|0.86|0.87|1.01|1.23
小川町駅,淡路町駅|新御茶ノ水駅|神田駅|御茶ノ水駅|秋葉原駅,0.08|0.34|0.51|0.57|0.76
岩本町駅,秋葉原駅|小伝馬町駅|神田駅|馬喰町駅|馬喰横山駅,0.38|0.58|0.62|0.63|0.73
馬喰横山駅,馬喰町駅|東日本橋駅|小伝馬町駅|浜町駅|浅草橋駅,0.14|0.19|0.42|0.63|0.63
浜町駅,東日本橋駅|人形町駅|馬喰横山駅|水天宮前駅|馬喰町駅,0.50|0.58|0.63|0.69|0.75
菊川駅,森下駅|住吉駅|清澄白河駅|錦糸町駅|両国駅,0.81|0.87|0.95|1.22|1.30
西大島駅,大島駅|亀戸駅|住吉駅|亀戸水神駅|錦糸町駅,0.85|0.91|0.95|1.35|1.37
大島駅,西大島駅|東大島駅|亀戸水神駅|亀戸駅|住吉駅,0.85|0.93|1.14|1.18|1.80
東大島駅,大島駅|亀戸水神駅|西大島駅|船堀駅|平井駅,0.93|1.56|1.78|1.80|1.82
船堀駅,一之江駅|東大島駅|西葛西駅|葛西駅|大島駅,1.70|1.80|2.17|2.37|2.67
一之江駅,瑞江駅|船堀駅|葛西駅|篠崎駅|西葛西駅,1.55|1.70|2.67|2.90|3.20
瑞江駅,篠崎駅|一之江駅|船堀駅|葛西駅|新小岩駅,1.51|1.55|3.19|4.01|4.44
篠崎駅,瑞江駅|一之江駅|江戸川駅|小岩駅|新小岩駅,1.51|2.90|3.58|3.61|4.31
三ノ輪橋駅,荒川一中前駅|三ノ輪駅|荒川区役所前駅|南千住駅|荒川二丁目駅,0.27|0.29|0.54|0.71|0.93
荒川一中前駅,荒川区役所前駅|三ノ輪橋駅|三ノ輪駅|荒川二丁目駅|南千住駅,0.27|0.27|0.50|0.67|0.92
荒川区役所前駅,荒川一中前駅|荒川二丁目駅|三ノ輪橋駅|三ノ輪駅|荒川七丁目駅,0.27|0.44|0.54|0.74|0.81
荒川二丁目駅,荒川七丁目駅|荒川区役所前駅|町屋駅|町屋駅前駅|荒川一中前駅,0.38|0.44|0.55|0.56|0.67
荒川七丁目駅,町屋駅前駅|町屋駅|荒川二丁目駅|町屋二丁目駅|荒川区役所前駅,0.29|0.29|0.38|0.71|0.81
町屋駅前駅,町屋駅|荒川七丁目駅|町屋二丁目駅|荒川二丁目駅|東尾久三丁目駅,0.03|0.29|0.42|0.56|0.68
町屋二丁目駅,東尾久三丁目駅|町屋駅|町屋駅前駅|赤土小学校前駅|荒川七丁目駅,0.27|0.42|0.42|0.70|0.71
東尾久三丁目駅,町屋二丁目駅|赤土小学校前駅|熊野前駅|町屋駅|町屋駅前駅,0.27|0.59|0.60|0.67|0.68
熊野前駅,宮ノ前駅|東尾久三丁目駅|足立小台駅|小台駅|赤土小学校前駅,0.42|0.60|0.62|0.71|0.74
宮ノ前駅,小台駅|熊野前駅|荒川遊園地前駅|足立小台駅|赤土小学校前駅,0.29|0.42|0.65|0.70|0.93
小台駅,宮ノ前駅|荒川遊園地前駅|熊野前駅|荒川車庫前駅|尾久駅,0.29|0.36|0.71|0.83|0.83
荒川遊園地前駅,小台駅|荒川車庫前駅|尾久駅|宮ノ前駅|梶原駅,0.36|0.46|0.56|0.65|0.93
荒川車庫前駅,荒川遊園地前駅|尾久駅|梶原駅|上中里駅|小台駅,0.46|0.47|0.47|0.74|0.83
梶原駅,上中里駅|荒川車庫前駅|栄町駅|西ケ原駅|尾久駅,0.46|0.47|0.48|0.73|0.75
栄町駅,王子駅前駅|飛鳥山駅|王子駅|梶原駅|上中里駅,0.40|0.43|0.46|0.48|0.52
王子駅前駅,王子駅|飛鳥山駅|栄町駅|滝野川一丁目駅|西ケ原駅,0.07|0.29|0.40|0.65|0.83
飛鳥山駅,王子駅前駅|王子駅|滝野川一丁目駅|栄町駅|西ケ原駅,0.29|0.34|0.37|0.43|0.65
滝野川一丁目駅,飛鳥山駅|西ヶ原四丁目駅|西ケ原駅|王子駅前駅|王子駅,0.37|0.40|0.64|0.65|0.69
西ヶ原四丁目駅,西巣鴨駅|滝野川一丁目駅|新庚申塚駅|庚申塚駅|飛鳥山駅,0.38|0.40|0.41|0.61|0.76
新庚申塚駅,庚申塚駅|西巣鴨駅|西ヶ原四丁目駅|巣鴨新田駅|滝野川一丁目駅,0.21|0.29|0.41|0.69|0.80
庚申塚駅,新庚申塚駅|西巣鴨駅|巣鴨新田駅|西ヶ原四丁目駅|大塚駅前駅,0.21|0.45|0.49|0.61|0.89
巣鴨新田駅,大塚駅前駅|大塚駅|庚申塚駅|新庚申塚駅|向原駅,0.46|0.46|0.49|0.69|0.77
大塚駅前駅,大塚駅|巣鴨新田駅|向原駅|新大塚駅|庚申塚駅,0.07|0.46|0.50|0.66|0.89
向原駅,大塚駅|大塚駅前駅|新大塚駅|東池袋四丁目駅|東池袋駅,0.43|0.50|0.58|0.60|0.60
東池袋四丁目駅,東池袋駅|都電雑司ヶ谷駅|向原駅|鬼子母神前駅|雑司が谷駅,0.07|0.21|0.60|0.71|0.73
都電雑司ヶ谷駅,東池袋四丁目駅|東池袋駅|鬼子母神前駅|雑司が谷駅|向原駅,0.21|0.21|0.51|0.53|0.81
鬼子母神前駅,雑司が谷駅|学習院下駅|都電雑司ヶ谷駅|東池袋四丁目駅|東池袋駅,0.02|0.51|0.51|0.71|0.73
学習院下駅,面影橋駅|雑司が谷駅|鬼子母神前駅|目白駅|高田馬場駅,0.40|0.49|0.51|0.73|0.84
面影橋駅,学習院下駅|早稲田駅|西早稲田駅|雑司が谷駅|鬼子母神前駅,0.40|0.69|0.71|0.81|0.82
青井駅,綾瀬駅|五反野駅|北綾瀬駅|六町駅|小菅駅,1.14|1.17|1.21|1.47|1.57
六町駅,北綾瀬駅|青井駅|五反野駅|綾瀬駅|梅島駅,1.27|1.47|2.39|2.54|2.56
竹芝駅,浜松町駅|モノレール浜松町駅|日の出駅|大門駅|汐留駅,0.46|0.51|0.61|0.73|1.03
日の出駅,竹芝駅|浜松町駅|モノレール浜松町駅|芝浦ふ頭駅|三田駅,0.61|0.72|0.75|0.82|0.93
芝浦ふ頭駅,日の出駅|田町駅|三田駅|竹芝駅|浜松町駅,0.82|1.03|1.08|1.42|1.51
お台場海浜公園駅,東京テレポート駅|青海駅|台場駅|東京国際クルーズターミナル駅|東京ビッグサイト駅,0.25|0.61|0.78|1.05|1.14
台場駅,東京国際クルーズターミナル駅|東京テレポート駅|お台場海浜公園駅|青海駅|テレコムセンター駅,0.52|0.70|0.78|0.89|1.17
東京国際クルーズターミナル駅,台場駅|テレコムセンター駅|青海駅|東京テレポート駅|お台場海浜公園駅,0.52|0.70|0.80|0.85|1.05
テレコムセンター駅,東京国際クルーズターミナル駅|青海駅|東京テレポート駅|台場駅|お台場海浜公園駅,0.70|0.80|1.10|1.17|1.36
青海駅,東京テレポート駅|お台場海浜公園駅|テレコムセンター駅|東京国際クルーズターミナル駅|台場駅,0.38|0.61|0.80|0.80|0.89
東京ビッグサイト駅,国際展示場駅|有明駅|青海駅|有明テニスの森駅|お台場海浜公園駅,0.47|0.53|1.10|1.11|1.14
有明駅,国際展示場駅|東京ビッグサイト駅|有明テニスの森駅|東雲駅|市場前駅,0.15|0.53|0.72|1.23|1.41
有明テニスの森駅,国際展示場駅|市場前駅|有明駅|新豊洲駅|東京ビッグサイト駅,0.66|0.70|0.72|0.98|1.11
市場前駅,新豊洲駅|有明テニスの森駅|豊洲駅|国際展示場駅|有明駅,0.52|0.70|1.33|1.36|1.41
新豊洲駅,市場前駅|豊洲駅|有明テニスの森駅|東雲駅|国際展示場駅,0.52|0.82|0.98|1.56|1.59
多摩センター駅,小田急多摩センター駅|京王多摩センター駅|松が谷駅|唐木田駅|大塚・帝京大学駅,0.19|0.20|0.89|1.28|1.57
松が谷駅,京王多摩センター駅|大塚・帝京大学駅|小田急多摩センター駅|多摩センター駅|中央大学・明星大学駅,0.74|0.77|0.78|0.89|1.67
大塚・帝京大学駅,松が谷駅|中央大学・明星大学駅|京王多摩センター駅|小田急多摩センター駅|多摩センター駅,0.77|0.90|1.47|1.51|1.57
中央大学・明星大学駅,多摩動物公園駅|大塚・帝京大学駅|程久保駅|松が谷駅|南平駅,0.87|0.90|1.47|1.67|2.05
程久保駅,高幡不動駅|多摩動物公園駅|中央大学・明星大学駅|南平駅|百草園駅,0.82|0.90|1.47|1.69|1.87
万願寺駅,高幡不動駅|甲州街道駅|百草園駅|矢川駅|程久保駅,1.17|1.25|1.84|1.85|1.98
甲州街道駅,柴崎体育館駅|万願寺駅|日野駅|高幡不動駅|立川南駅,1.24|1.25|1.38|1.84|2.00
柴崎体育館駅,立川南駅|立川駅|立川北駅|甲州街道駅|西国立駅,0.79|1.05|1.15|1.24|1.41
立川南駅,立川駅|立川北駅|柴崎体育館駅|西国立駅|高松駅,0.26|0.38|0.79|1.05|1.56
立川北駅,立川駅|立川南駅|柴崎体育館駅|高松駅|西国立駅,0.18|0.38|1.15|1.18|1.21
高松駅,立飛駅|泉体育館駅|立川北駅|立川駅|砂川七番駅,0.63|1.11|1.18|1.33|1.52
立飛駅,泉体育館駅|高松駅|砂川七番駅|立川北駅|立川駅,0.49|0.63|0.96|1.74|1.86
泉体育館駅,立飛駅|砂川七番駅|高松駅|玉川上水駅|東大和市駅,0.49|0.52|1.11|1.47|2.05
砂川七番駅,泉体育館駅|立飛駅|玉川上水駅|高松駅|桜街道駅,0.52|0.96|0.96|1.52|1.75
桜街道駅,上北台駅|玉川上水駅|東大和市駅|砂川七番駅|泉体育館駅,0.76|0.79|1.73|1.75|2.26
上北台駅,桜街道駅|玉川上水駅|東大和市駅|砂川七番駅|武蔵大和駅,0.76|1.55|2.20|2.51|2.80
モノレール浜松町駅,浜松町駅|大門駅|竹芝駅|芝公園駅|日の出駅,0.05|0.23|0.51|0.65|0.75
天王洲アイル駅,新馬場駅|北品川駅|品川駅|品川シーサイド駅|青物横丁駅,0.96|1.04|1.32|1.47|1.54
大井競馬場前駅,立会川駅|鮫洲駅|大森海岸駅|流通センター駅|品川シーサイド駅,0.83|1.19|1.34|1.47|1.52
流通センター駅,昭和島駅|平和島駅|大森海岸駅|大井競馬場前駅|大森町駅,1.25|1.32|1.38|1.47|1.85
昭和島駅,流通センター駅|平和島駅|大森町駅|整備場駅|梅屋敷駅,1.25|1.62|1.63|1.75|2.00
整備場駅,天空橋駅|穴守稲荷駅|大鳥居駅|昭和島駅|羽田空港第3ターミナル駅,0.69|0.81|1.30|1.75|1.82
新整備場駅,羽田空港第1ターミナル駅|羽田空港第1・第2ターミナル駅|羽田空港第2ターミナル駅|羽田空港第3ターミナル駅|天空橋駅,0.73|0.78|0.89|1.65|3.02
羽田空港第1ターミナル駅,羽田空港第1・第2ターミナル駅|羽田空港第2ターミナル駅|新整備場駅|羽田空港第3ターミナル駅|天空橋駅,0.14|0.35|0.73|1.54|2.75
羽田空港第2ターミナル駅,羽田空港第1・第2ターミナル駅|羽田空港第1ターミナル駅|新整備場駅|羽田空港第3ターミナル駅|天空橋駅,0.21|0.35|0.89|1.89|3.05
東雲駅,辰巳駅|有明駅|国際展示場駅|有明テニスの森駅|新豊洲駅,0.75|1.23|1.36|1.40|1.56
国際展示場駅,有明駅|東京ビッグサイト駅|有明テニスの森駅|お台場海浜公園駅|市場前駅,0.15|0.47|0.66|1.28|1.36
東京テレポート駅,お台場海浜公園駅|青海駅|台場駅|東京国際クルーズターミナル駅|テレコムセンター駅,0.25|0.38|0.70|0.85|1.10
品川シーサイド駅,青物横丁駅|鮫洲駅|新馬場駅|大井町駅|天王洲アイル駅,0.60|0.77|1.25|1.33|1.47
新柴又駅,柴又駅|京成小岩駅|京成高砂駅|小岩駅|京成金町駅,0.70|1.06|1.13|1.99|2.10
赤土小学校前駅,東尾久三丁目駅|町屋二丁目駅|新三河島駅|熊野前駅|田端駅,0.59|0.70|0.73|0.74|0.87
足立小台駅,熊野前駅|宮ノ前駅|小台駅|扇大橋駅|東尾久三丁目駅,0.62|0.70|0.90|1.03|1.09
扇大橋駅,高野駅|足立小台駅|江北駅|宮ノ前駅|熊野前駅,0.50|1.03|1.12|1.62|1.65
高野駅,扇大橋駅|江北駅|西新井大師西駅|足立小台駅|大師前駅,0.50|0.63|1.46|1.52|1.54
江北駅,高野駅|西新井大師西駅|扇大橋駅|大師前駅|谷在家駅,0.63|0.83|1.12|1.16|1.64
西新井大師西駅,谷在家駅|江北駅|大師前駅|高野駅|舎人公園駅,0.81|0.83|1.08|1.46|1.63
谷在家駅,西新井大師西駅|舎人公園駅|大師前駅|江北駅|舎人駅,0.81|0.83|1.51|1.64|1.88
舎人公園駅,谷在家駅|舎人駅|西新井大師西駅|竹ノ塚駅|見沼代親水公園駅,0.83|1.05|1.63|1.87|2.03
舎人駅,見沼代親水公園駅|舎人公園駅|谷在家駅|竹ノ塚駅|西新井大師西駅,0.98|1.05|1.88|2.25|2.69
見沼代親水公園駅,舎人駅|舎人公園駅|谷在家駅|竹ノ塚駅|西新井大師西駅,0.98|2.03|2.86|2.88|3.67
