muni,reit_cap_median,reit_count,reit_cap_disclosed,reit_examples
三鷹市,4.05,2,2,"[{""物件"": ""アーバンパーク三鷹"", ""REIT"": ""スターアジア不動産投資法人"", ""取得百万"": 743.0, ""鑑定百万"": 967.0, ""NOI利回り"": 3.6, ""稼働率"": 92.7, ""町名"": """"}, {""物件"": ""プロシード三鷹"", ""REIT"": ""スターツプロシード投資法人"", ""取得百万"": 477.2, ""鑑定百万"": 594.0, ""NOI利回り"": 4.5, ""稼働率"": 100.0, ""町名"": """"}]"
世田谷区,3.55,16,14,"[{""物件"": ""JMFレジデンス世田谷三宿"", ""REIT"": ""日本都市ファンド投資法人"", ""取得百万"": 3050.0, ""鑑定百万"": 3450.0, ""NOI利回り"": 3.1, ""稼働率"": null, ""町名"": ""三宿二丁目1""}, {""物件"": ""カスタリア三宿"", ""REIT"": ""大和ハウスリート投資法人"", ""取得百万"": 1900.0, ""鑑定百万"": 2800.0, ""NOI利回り"": 3.6, ""稼働率"": 95.2, ""町名"": """"}, {""物件"": ""パークアクシス学芸大学"", ""REIT"": ""三井不動産アコモデーションファンド投資法人"", ""取得百万"": 1760.0, ""鑑定百万"": 2530.0, ""NOI利回り"": 3.3, ""稼働率"": 98.3, ""町名"": """"}, {""物件"": ""JMFレジデンス学芸大学"", ""REIT"": ""日本都市ファンド投資法人"", ""取得百万"": 1505.0, ""鑑定百万"": 1890.0, ""NOI利回り"": 3.0, ""稼働率"": null, ""町名"": ""野沢""}, {""物件"": ""セレッソブローテ桜新町"", ""REIT"": ""大和ハウスリート投資法人"", ""取得百万"": 1070.0, ""鑑定百万"": 1470.0, ""NOI利回り"": 4.0, ""稼働率"": 100.0, ""町名"": """"}, {""物件"": ""カスタリア用賀"", ""REIT"": ""大和ハウスリート投資法人"", ""取得百万"": 923.0, ""鑑定百万"": 1450.0, ""NOI利回り"": 3.4, ""稼働率"": 96.6, ""町名"": """"}, {""物件"": ""カスタリア若林公園"", ""REIT"": ""大和ハウスリート投資法人"", ""取得百万"": 776.0, ""鑑定百万"": 1040.0, ""NOI利回り"": 3.6, ""稼働率"": 100.0, ""町名"": """"}, {""物件"": ""カスタリア北沢"", ""REIT"": ""大和ハウスリート投資法人"", ""取得百万"": 742.0, ""鑑定百万"": 991.0, ""NOI利回り"": 3.4, ""稼働率"": 100.0, ""町名"": """"}, {""物件"": ""メディカルホームグランダ三軒茶屋（底地）"", ""REIT"": ""三井不動産アコモデーションファンド投資法人"", ""取得百万"": 735.0, ""鑑定百万"": 952.0, ""NOI利回り"": 3.7, ""稼働率"": null, ""町名"": """"}, {""物件"": ""アルティザ池尻"", ""REIT"": ""マリモ地方創生リート投資法人"", ""取得百万"": 610.0, ""鑑定百万"": 753.0, ""NOI利回り"": 3.7, ""稼働率"": 96.0, ""町名"": """"}, {""物件"": ""カスタリア尾山台"", ""REIT"": ""大和ハウスリート投資法人"", ""取得百万"": 533.0, ""鑑定百万"": 722.0, ""NOI利回り"": 3.5, ""稼働率"": 100.0, ""町名"": """"}, {""物件"": ""プロシード三軒茶屋"", ""REIT"": ""スターツプロシード投資法人"", ""取得百万"": 555.9, ""鑑定百万"": 690.0, ""NOI利回り"": 3.7, ""稼働率"": 100.0, ""町名"": """"}, {""物件"": ""S-FORT駒沢大学"", ""REIT"": ""サムティ・レジデンシャル投資法人"", ""取得百万"": 528.0, ""鑑定百万"": 584.0, ""NOI利回り"": 3.4, ""稼働率"": 100.0, ""町名"": """"}, {""物件"": ""プロシード千歳烏山"", ""REIT"": ""スターツプロシード投資法人"", ""取得百万"": 289.6, ""鑑定百万"": 342.0, ""NOI利回り"": 4.2, ""稼働率"": 92.9, ""町名"": """"}, {""物件"": ""グロースメゾン用賀"", ""REIT"": ""インヴィンシブル投資法人"", ""取得百万"": 795.0, ""鑑定百万"": 953.0, ""NOI利回り"": null, ""稼働率"": 97.4, ""町名"": ""岡本""}, {""物件"": ""シティハイツ砧"", ""REIT"": ""インヴィンシブル投資法人"", ""取得百万"": 646.0, ""鑑定百万"": 727.0, ""NOI利回り"": null, ""稼働率"": 100.0, ""町名"": ""砧""}]"
中央区,3.6,63,63,"[{""物件"": ""大川端賃貸棟"", ""REIT"": ""三井不動産アコモデーションファンド投資法人"", ""取得百万"": 30816.0, ""鑑定百万"": 35200.0, ""NOI利回り"": 3.3, ""稼働率"": 96.7, ""町名"": """"}, {""物件"": ""パークアクシス日本橋ステージ"", ""REIT"": ""三井不動産アコモデーションファンド投資法人"", ""取得百万"": 7557.0, ""鑑定百万"": 12100.0, ""NOI利回り"": 3.1, ""稼働率"": 99.3, ""町名"": """"}, {""物件"": ""パークアクシス日本橋浜町"", ""REIT"": ""三井不動産アコモデーションファンド投資法人"", ""取得百万"": 5540.0, ""鑑定百万"": 8130.0, ""NOI利回り"": 3.3, ""稼働率"": 98.5, ""町名"": """"}, {""物件"": ""パークキューブ八丁堀"", ""REIT"": ""三井不動産アコモデーションファンド投資法人"", ""取得百万"": 4200.0, ""鑑定百万"": 7360.0, ""NOI利回り"": 3.2, ""稼働率"": 97.6, ""町名"": """"}, {""物件"": ""カスタリア東日本橋"", ""REIT"": ""大和ハウスリート投資法人"", ""取得百万"": 3520.0, ""鑑定百万"": 5340.0, ""NOI利回り"": 3.7, ""稼働率"": 98.9, ""町名"": """"}, {""物件"": ""パークキューブ日本橋水天宮"", ""REIT"": ""三井不動産アコモデーションファンド投資法人"", ""取得百万"": 2711.0, ""鑑定百万"": 4670.0, ""NOI利回り"": 3.4, ""稼働率"": 96.9, ""町名"": """"}, {""物件"": ""S-FORT警固タワー"", ""REIT"": ""サムティ・レジデンシャル投資法人"", ""取得百万"": 4320.0, ""鑑定百万"": 4640.0, ""NOI利回り"": 3.9, ""稼働率"": 98.3, ""町名"": ""福岡市中央区""}, {""物件"": ""カスタリア茅場町"", ""REIT"": ""大和ハウスリート投資法人"", ""取得百万"": 2707.0, ""鑑定百万"": 4320.0, ""NOI利回り"": 3.5, ""稼働率"": 97.8, ""町名"": """"}, {""物件"": ""カスタリア銀座Ⅲ"", ""REIT"": ""大和ハウスリート投資法人"", ""取得百万"": 2880.0, ""鑑定百万"": 3960.0, ""NOI利回り"": 3.4, ""稼働率"": 95.1, ""町名"": """"}, {""物件"": ""パークキューブ銀座イースト"", ""REIT"": ""三井不動産アコモデーションファンド投資法人"", ""取得百万"": 2269.0, ""鑑定百万"": 3520.0, ""NOI利回り"": 3.4, ""稼働率"": 96.1, ""町名"": """"}, {""物件"": ""S-RESIDENCE神戸磯上通"", ""REIT"": ""サムティ・レジデンシャル投資法人"", ""取得百万"": 2470.0, ""鑑定百万"": 3380.0, ""NOI利回り"": 4.0, ""稼働率"": 97.7, ""町名"": ""神戸市中央区""}, {""物件"": ""カスタリア人形町Ⅲ"", ""REIT"": ""大和ハウスリート投資法人"", ""取得百万"": 2000.0, ""鑑定百万"": 3220.0, ""NOI利回り"": 3.3, ""稼働率"": 94.0, ""町名"": """"}, {""物件"": ""パークアクシス八丁堀"", ""REIT"": ""三井不動産アコモデーションファンド投資法人"", ""取得百万"": 1760.0, ""鑑定百万"": 3140.0, ""NOI利回り"": 3.3, ""稼働率"": 100.0, ""町名"": """"}, {""物件"": ""カスタリア銀座"", ""REIT"": ""大和ハウスリート投資法人"", ""取得百万"": 2520.0, ""鑑定百万"": 3040.0, ""NOI利回り"": 3.4, ""稼働率"": 98.7, ""町名"": """"}, {""物件"": ""カスタリア八丁堀"", ""REIT"": ""大和ハウスリート投資法人"", ""取得百万"": 2300.0, ""鑑定百万"": 2990.0, ""NOI利回り"": 3.5, ""稼働率"": 96.6, ""町名"": """"}, {""物件"": ""プロシード日本橋本町"", ""REIT"": ""スターツプロシード投資法人"", ""取得百万"": 2449.0, ""鑑定百万"": 2910.0, ""NOI利回り"": 3.4, ""稼働率"": 91.7, ""町名"": """"}, {""物件"": ""STAYAT OSAKASHINSAIBASHI east"", ""REIT"": ""三井不動産アコモデーションファンド投資法人"", ""取得百万"": 2552.0, ""鑑定百万"": 2890.0, ""NOI利回り"": 3.8, ""稼働率"": 100.0, ""町名"": ""中央区""}, {""物件"": ""パークアクシス茅場町"", ""REIT"": ""三井不動産アコモデーションファンド投資法人"", ""取得百万"": 1809.0, ""鑑定百万"": 2880.0, ""NOI利回り"": 3.3, ""稼働率"": 100.0, ""町名"": """"}, {""物件"": ""パークアクシス日本橋本町"", ""REIT"": ""三井不動産アコモデーションファンド投資法人"", ""取得百万"": 1469.0, ""鑑定百万"": 2670.0, ""NOI利回り"": 3.1, ""稼働率"": 96.1, ""町名"": """"}, {""物件"": ""パークキューブ北浜"", ""REIT"": ""三井不動産アコモデーションファンド投資法人"", ""取得百万"": 1970.0, ""鑑定百万"": 2460.0, ""NOI利回り"": 3.9, ""稼働率"": 98.4, ""町名"": ""中央区""}, {""物件"": ""パークアクシス札幌植物園前"", ""REIT"": ""三井不動産アコモデーションファンド投資法人"", ""取得百万"": 1650.0, ""鑑定百万"": 2400.0, ""NOI利回り"": 4.3, ""稼働率"": 95.9, ""町名"": ""中央区""}, {""物件"": ""パークアクシス千葉新町"", ""REIT"": ""三井不動産アコモデーションファンド投資法人"", ""取得百万"": 1679.0, ""鑑定百万"": 2390.0, ""NOI利回り"": 4.0, ""稼働率"": 88.4, ""町名"": ""中央区""}, {""物件"": ""カスタリア銀座Ⅱ"", ""REIT"": ""大和ハウスリート投資法人"", ""取得百万"": 1800.0, ""鑑定百万"": 2320.0, ""NOI利回り"": 3.4, ""稼働率"": 94.8, ""町名"": """"}, {""物件"": ""FORESTA湊町"", ""REIT"": ""日本リート投資法人"", ""取得百万"": 1750.0, ""鑑定百万"": 2320.0, ""NOI利回り"": 2.9, ""稼働率"": 100.0, ""町名"": """"}, {""物件"": ""カスタリア東日本橋Ⅱ"", ""REIT"": ""大和ハウスリート投資法人"", ""取得百万"": 1370.0, ""鑑定百万"": 2190.0, ""NOI利回り"": 3.4, ""稼働率"": 100.0, ""町名"": """"}, {""物件"": ""プロシード日本橋堀留町"", ""REIT"": ""スターツプロシード投資法人"", ""取得百万"": 1485.8, ""鑑定百万"": 2000.0, ""NOI利回り"": 3.3, ""稼働率"": 100.0, ""町名"": """"}, {""物件"": ""パークキューブ茅場町"", ""REIT"": ""三井不動産アコモデーションファンド投資法人"", ""取得百万"": 1105.0, ""鑑定百万"": 1920.0, ""NOI利回り"": 3.3, ""稼働率"": 100.0, ""町名"": """"}, {""物件"": ""カスタリア水天宮"", ""REIT"": ""大和ハウスリート投資法人"", ""取得百万"": 1279.0, ""鑑定百万"": 1850.0, ""NOI利回り"": 3.6, ""稼働率"": 97.9, ""町名"": """"}, {""物件"": ""S-FORT中島公園"", ""REIT"": ""サムティ・レジデンシャル投資法人"", ""取得百万"": 1590.0, ""鑑定百万"": 1830.0, ""NOI利回り"": 4.6, ""稼働率"": 96.9, ""町名"": ""札幌市中央区""}, {""物件"": ""レジデンス日本橋箱崎"", ""REIT"": ""日本リート投資法人"", ""取得百万"": 1300.0, ""鑑定百万"": 1800.0, ""NOI利回り"": 3.7, ""稼働率"": 100.0, ""町名"": """"}, {""物件"": ""カスタリア人形町Ⅱ"", ""REIT"": ""大和ハウスリート投資法人"", ""取得百万"": 1070.0, ""鑑定百万"": 1770.0, ""NOI利回り"": 3.4, ""稼働率"": 93.9, ""町名"": """"}, {""物件"": ""カスタリア人形町"", ""REIT"": ""大和ハウスリート投資法人"", ""取得百万"": 947.0, ""鑑定百万"": 1710.0, ""NOI利回り"": 3.4, ""稼働率"": 94.1, ""町名"": """"}, {""物件"": ""カスタリア水天宮Ⅱ"", ""REIT"": ""大和ハウスリート投資法人"", ""取得百万"": 1138.0, ""鑑定百万"": 1680.0, ""NOI利回り"": 3.5, ""稼働率"": 97.7, ""町名"": """"}, {""物件"": ""パークアクシス六本松"", ""REIT"": ""三井不動産アコモデーションファンド投資法人"", ""取得百万"": 1515.0, ""鑑定百万"": 1640.0, ""NOI利回り"": 3.8, ""稼働率"": 100.0, ""町名"": ""中央区""}, {""物件"": ""カスタリア日本橋"", ""REIT"": ""大和ハウスリート投資法人"", ""取得百万"": 1200.0, ""鑑定百万"": 1570.0, ""NOI利回り"": 3.5, ""稼働率"": 98.2, ""町名"": """"}, {""物件"": ""パークアクシス月島"", ""REIT"": ""三井不動産アコモデーションファンド投資法人"", ""取得百万"": 930.0, ""鑑定百万"": 1530.0, ""NOI利回り"": 3.4, ""稼働率"": 100.0, ""町名"": """"}, {""物件"": ""S-RESIDENCE神戸元町"", ""REIT"": ""サムティ・レジデンシャル投資法人"", ""取得百万"": 1200.0, ""鑑定百万"": 1520.0, ""NOI利回り"": 4.1, ""稼働率"": 98.1, ""町名"": ""神戸市中央区""}, {""物件"": ""S-RESIDENCE円山表参道"", ""REIT"": ""サムティ・レジデンシャル投資法人"", ""取得百万"": 1421.0, ""鑑定百万"": 1470.0, ""NOI利回り"": 4.5, ""稼働率"": 93.9, ""町名"": ""札幌市中央区""}, {""物件"": ""S-FORT新潟駅前"", ""REIT"": ""サムティ・レジデンシャル投資法人"", ""取得百万"": 1395.0, ""鑑定百万"": 1470.0, ""NOI利回り"": 4.9, ""稼働率"": 96.6, ""町名"": ""新潟市中央区""}, {""物件"": ""カスタリア新富町"", ""REIT"": ""大和ハウスリート投資法人"", ""取得百万"": 932.0, ""鑑定百万"": 1360.0, ""NOI利回り"": 3.6, ""稼働率"": 100.0, ""町名"": """"}, {""物件"": ""パークアクシス千葉"", ""REIT"": ""三井不動産アコモデーションファンド投資法人"", ""取得百万"": 970.0, ""鑑定百万"": 1320.0, ""NOI利回り"": 4.1, ""稼働率"": 98.9, ""町名"": ""中央区""}, {""物件"": ""S-FORT日本橋箱崎"", ""REIT"": ""サムティ・レジデンシャル投資法人"", ""取得百万"": 925.0, ""鑑定百万"": 1220.0, ""NOI利回り"": 3.5, ""稼働率"": 100.0, ""町名"": """"}, {""物件"": ""カスタリア新富町Ⅱ"", ""REIT"": ""大和ハウスリート投資法人"", ""取得百万"": 825.0, ""鑑定百万"": 1200.0, ""NOI利回り"": 3.6, ""稼働率"": 100.0, ""町名"": """"}, {""物件"": ""S-RESIDENCE桑園"", ""REIT"": ""サムティ・レジデンシャル投資法人"", ""取得百万"": 1081.0, ""鑑定百万"": 1140.0, ""NOI利回り"": 4.7, ""稼働率"": 100.0, ""町名"": ""札幌市中央区""}, {""物件"": ""プロシード神戸元町"", ""REIT"": ""スターツプロシード投資法人"", ""取得百万"": 780.0, ""鑑定百万"": 1100.0, ""NOI利回り"": 4.2, ""稼働率"": 93.7, ""町名"": ""中央区""}, {""物件"": ""S-FORT新潟本町"", ""REIT"": ""サムティ・レジデンシャル投資法人"", ""取得百万"": 960.0, ""鑑定百万"": 1080.0, ""NOI利回り"": 4.9, ""稼働率"": 97.7, ""町名"": ""新潟市中央区""}, {""物件"": ""カスタリア新富町Ⅲ"", ""REIT"": ""大和ハウスリート投資法人"", ""取得百万"": 675.0, ""鑑定百万"": 979.0, ""NOI利回り"": 3.5, ""稼働率"": 100.0, ""町名"": """"}, {""物件"": ""カスタリア東日本橋Ⅲ"", ""REIT"": ""大和ハウスリート投資法人"", ""取得百万"": 666.0, ""鑑定百万"": 941.0, ""NOI利回り"": 3.6, ""稼働率"": 100.0, ""町名"": """"}, {""物件"": ""S-FORT新潟白山公園"", ""REIT"": ""サムティ・レジデンシャル投資法人"", ""取得百万"": 865.0, ""鑑定百万"": 910.0, ""NOI利回り"": 4.9, ""稼働率"": 98.8, ""町名"": ""新潟市中央区""}, {""物件"": ""プロシード釣鐘"", ""REIT"": ""スターツプロシード投資法人"", ""取得百万"": 795.0, ""鑑定百万"": 905.0, ""NOI利回り"": 3.5, ""稼働率"": 88.5, ""町名"": ""中央区""}, {""物件"": ""S-FORT新潟笹口"", ""REIT"": ""サムティ・レジデンシャル投資法人"", ""取得百万"": 720.0, ""鑑定百万"": 779.0, ""NOI利回り"": 4.9, ""稼働率"": 100.0, ""町名"": ""新潟市中央区""}, {""物件"": ""S-RESIDENCE宮の森"", ""REIT"": ""サムティ・レジデンシャル投資法人"", ""取得百万"": 660.0, ""鑑定百万"": 729.0, ""NOI利回り"": 4.5, ""稼働率"": 95.3, ""町名"": ""札幌市中央区""}, {""物件"": ""S-FORT保田窪"", ""REIT"": ""サムティ・レジデンシャル投資法人"", ""取得百万"": 593.0, ""鑑定百万"": 610.0, ""NOI利回り"": 5.1, ""稼働率"": 93.4, ""町名"": ""熊本市中央区""}, {""物件"": ""S-FORT熊本呉服町"", ""REIT"": ""サムティ・レジデンシャル投資法人"", ""取得百万"": 599.0, ""鑑定百万"": 598.0, ""NOI利回り"": 4.8, ""稼働率"": 100.0, ""町名"": ""熊本市中央区""}, {""物件"": ""S-RESIDENCE近代美術館前"", ""REIT"": ""サムティ・レジデンシャル投資法人"", ""取得百万"": 594.0, ""鑑定百万"": 590.0, ""NOI利回り"": 4.5, ""稼働率"": 100.0, ""町名"": ""札幌市中央区""}, {""物件"": ""カスタリア新富町Ⅳ"", ""REIT"": ""大和ハウスリート投資法人"", ""取得百万"": 400.0, ""鑑定百万"": 585.0, ""NOI利回り"": 3.6, ""稼働率"": 93.3, ""町名"": """"}, {""物件"": ""プロシード新川"", ""REIT"": ""スターツプロシード投資法人"", ""取得百万"": 500.0, ""鑑定百万"": 580.0, ""NOI利回り"": 3.4, ""稼働率"": 100.0, ""町名"": """"}, {""物件"": ""S-RESIDENCE桑園EAST"", ""REIT"": ""サムティ・レジデンシャル投資法人"", ""取得百万"": 477.0, ""鑑定百万"": 543.0, ""NOI利回り"": 4.4, ""稼働率"": 97.8, ""町名"": ""札幌市中央区""}, {""物件"": ""アルティザ熊本新町"", ""REIT"": ""マリモ地方創生リート投資法人"", ""取得百万"": 520.0, ""鑑定百万"": 526.0, ""NOI利回り"": 4.8, ""稼働率"": 87.5, ""町名"": ""中央区""}, {""物件"": ""S-FORT北円山"", ""REIT"": ""サムティ・レジデンシャル投資法人"", ""取得百万"": 425.0, ""鑑定百万"": 488.0, ""NOI利回り"": 4.3, ""稼働率"": 100.0, ""町名"": ""札幌市中央区""}, {""物件"": ""S-RESIDENCE南円山"", ""REIT"": ""サムティ・レジデンシャル投資法人"", ""取得百万"": 410.0, ""鑑定百万"": 444.0, ""NOI利回り"": 4.5, ""稼働率"": 84.5, ""町名"": ""札幌市中央区""}, {""物件"": ""S-FORT札幌北５条"", ""REIT"": ""サムティ・レジデンシャル投資法人"", ""取得百万"": 405.0, ""鑑定百万"": 428.0, ""NOI利回り"": 4.8, ""稼働率"": 95.9, ""町名"": ""札幌市中央区""}, {""物件"": ""S-FORT熊本慶徳"", ""REIT"": ""サムティ・レジデンシャル投資法人"", ""取得百万"": 454.0, ""鑑定百万"": 421.0, ""NOI利回り"": 4.8, ""稼働率"": 97.5, ""町名"": ""熊本市中央区""}]"
中野区,3.4,3,3,"[{""物件"": ""S-FORT富士見台"", ""REIT"": ""サムティ・レジデンシャル投資法人"", ""取得百万"": 1150.0, ""鑑定百万"": 1680.0, ""NOI利回り"": 3.6, ""稼働率"": 100.0, ""町名"": """"}, {""物件"": ""カスタリア中野"", ""REIT"": ""大和ハウスリート投資法人"", ""取得百万"": 1060.0, ""鑑定百万"": 1590.0, ""NOI利回り"": 3.4, ""稼働率"": 97.7, ""町名"": """"}, {""物件"": ""パークアクシス方南町"", ""REIT"": ""三井不動産アコモデーションファンド投資法人"", ""取得百万"": 745.0, ""鑑定百万"": 1220.0, ""NOI利回り"": 3.4, ""稼働率"": 100.0, ""町名"": """"}]"
八王子市,4.15,4,4,"[{""物件"": ""パークキューブ京王八王子Ⅱ"", ""REIT"": ""三井不動産アコモデーションファンド投資法人"", ""取得百万"": 1130.0, ""鑑定百万"": 1630.0, ""NOI利回り"": 4.1, ""稼働率"": 100.0, ""町名"": """"}, {""物件"": ""S-FORT八王子南"", ""REIT"": ""サムティ・レジデンシャル投資法人"", ""取得百万"": 749.0, ""鑑定百万"": 802.0, ""NOI利回り"": 4.0, ""稼働率"": 95.8, ""町名"": """"}, {""物件"": ""S-FORT八王子堀之内"", ""REIT"": ""サムティ・レジデンシャル投資法人"", ""取得百万"": 572.0, ""鑑定百万"": 581.0, ""NOI利回り"": 4.2, ""稼働率"": 94.7, ""町名"": """"}, {""物件"": ""S-FORT八王子"", ""REIT"": ""サムティ・レジデンシャル投資法人"", ""取得百万"": 462.0, ""鑑定百万"": 508.0, ""NOI利回り"": 4.6, ""稼働率"": 98.0, ""町名"": """"}]"
北区,3.8,25,23,"[{""物件"": ""プロシード新横浜"", ""REIT"": ""スターツプロシード投資法人"", ""取得百万"": 4330.0, ""鑑定百万"": 4880.0, ""NOI利回り"": 3.9, ""稼働率"": 98.9, ""町名"": ""港北区""}, {""物件"": ""JMFレジデンス新横浜"", ""REIT"": ""日本都市ファンド投資法人"", ""取得百万"": 3190.0, ""鑑定百万"": 3630.0, ""NOI利回り"": 3.5, ""稼働率"": null, ""町名"": ""港北区新横浜""}, {""物件"": ""パークアクシス滝野川"", ""REIT"": ""三井不動産アコモデーションファンド投資法人"", ""取得百万"": 1820.0, ""鑑定百万"": 2910.0, ""NOI利回り"": 3.4, ""稼働率"": 96.5, ""町名"": """"}, {""物件"": ""パークアクシス東十条"", ""REIT"": ""三井不動産アコモデーションファンド投資法人"", ""取得百万"": 1700.0, ""鑑定百万"": 2760.0, ""NOI利回り"": 3.4, ""稼働率"": 96.4, ""町名"": """"}, {""物件"": ""JMFレジデンス赤羽志茂"", ""REIT"": ""日本都市ファンド投資法人"", ""取得百万"": 2200.0, ""鑑定百万"": 2570.0, ""NOI利回り"": 3.4, ""稼働率"": null, ""町名"": ""志茂""}, {""物件"": ""パークアクシス板橋"", ""REIT"": ""三井不動産アコモデーションファンド投資法人"", ""取得百万"": 1448.0, ""鑑定百万"": 2540.0, ""NOI利回り"": 3.4, ""稼働率"": 98.7, ""町名"": """"}, {""物件"": ""パークアクシス西巣鴨"", ""REIT"": ""三井不動産アコモデーションファンド投資法人"", ""取得百万"": 1439.0, ""鑑定百万"": 2410.0, ""NOI利回り"": 3.4, ""稼働率"": 95.1, ""町名"": """"}, {""物件"": ""S-FORT大阪同心"", ""REIT"": ""サムティ・レジデンシャル投資法人"", ""取得百万"": 1765.0, ""鑑定百万"": 1950.0, ""NOI利回り"": 3.8, ""稼働率"": 97.2, ""町名"": ""大阪市北区""}, {""物件"": ""アルティザ小倉"", ""REIT"": ""マリモ地方創生リート投資法人"", ""取得百万"": 1849.0, ""鑑定百万"": 1920.0, ""NOI利回り"": 4.7, ""稼働率"": 94.9, ""町名"": ""小倉北区""}, {""物件"": ""JMFレジデンス大阪福島"", ""REIT"": ""日本都市ファンド投資法人"", ""取得百万"": 1518.0, ""鑑定百万"": 1810.0, ""NOI利回り"": 3.4, ""稼働率"": null, ""町名"": ""北区大淀南""}, {""物件"": ""JMFレジデンス天神橋筋六丁目"", ""REIT"": ""日本都市ファンド投資法人"", ""取得百万"": 1527.0, ""鑑定百万"": 1700.0, ""NOI利回り"": 3.6, ""稼働率"": null, ""町名"": ""北区長柄中""}, {""物件"": ""S-FORT小倉"", ""REIT"": ""サムティ・レジデンシャル投資法人"", ""取得百万"": 1400.0, ""鑑定百万"": 1480.0, ""NOI利回り"": 4.9, ""稼働率"": 98.3, ""町名"": ""北九州市小倉""}, {""物件"": ""S-RESIDENCE志賀本通"", ""REIT"": ""サムティ・レジデンシャル投資法人"", ""取得百万"": 1150.0, ""鑑定百万"": 1320.0, ""NOI利回り"": 4.0, ""稼働率"": 98.9, ""町名"": ""名古屋市北区""}, {""物件"": ""パークアクシス西ヶ原"", ""REIT"": ""三井不動産アコモデーションファンド投資法人"", ""取得百万"": 840.0, ""鑑定百万"": 1280.0, ""NOI利回り"": 3.6, ""稼働率"": 100.0, ""町名"": """"}, {""物件"": ""プロシード西天満"", ""REIT"": ""スターツプロシード投資法人"", ""取得百万"": 880.0, ""鑑定百万"": 1230.0, ""NOI利回り"": 3.9, ""稼働率"": 96.3, ""町名"": ""北区""}, {""物件"": ""S-RESIDENCE上飯田West"", ""REIT"": ""サムティ・レジデンシャル投資法人"", ""取得百万"": 1100.0, ""鑑定百万"": 1140.0, ""NOI利回り"": 4.4, ""稼働率"": 98.9, ""町名"": ""名古屋市北区""}, {""物件"": ""S-RESIDENCE表町"", ""REIT"": ""サムティ・レジデンシャル投資法人"", ""取得百万"": 1084.0, ""鑑定百万"": 1140.0, ""NOI利回り"": 4.6, ""稼働率"": 97.6, ""町名"": ""岡山市北区""}, {""物件"": ""ドーミー北赤羽"", ""REIT"": ""日本リート投資法人"", ""取得百万"": 986.0, ""鑑定百万"": 1090.0, ""NOI利回り"": 3.9, ""稼働率"": 100.0, ""町名"": """"}, {""物件"": ""S-FORT福島La Luna"", ""REIT"": ""サムティ・レジデンシャル投資法人"", ""取得百万"": 896.0, ""鑑定百万"": 1050.0, ""NOI利回り"": 3.7, ""稼働率"": 92.7, ""町名"": ""大阪市北区""}, {""物件"": ""S-RESIDENCE堺市駅前"", ""REIT"": ""サムティ・レジデンシャル投資法人"", ""取得百万"": 906.0, ""鑑定百万"": 1030.0, ""NOI利回り"": 4.3, ""稼働率"": 90.5, ""町名"": ""堺市北区""}, {""物件"": ""S-FORT北大前"", ""REIT"": ""サムティ・レジデンシャル投資法人"", ""取得百万"": 690.0, ""鑑定百万"": 877.0, ""NOI利回り"": 4.1, ""稼働率"": 98.5, ""町名"": ""札幌市北区""}, {""物件"": ""ドミール北赤羽"", ""REIT"": ""日本リート投資法人"", ""取得百万"": 785.0, ""鑑定百万"": 862.0, ""NOI利回り"": 3.8, ""稼働率"": 100.0, ""町名"": """"}, {""物件"": ""プロシード十条"", ""REIT"": ""スターツプロシード投資法人"", ""取得百万"": 533.0, ""鑑定百万"": 568.0, ""NOI利回り"": 4.9, ""稼働率"": 100.0, ""町名"": """"}, {""物件"": ""パークキューブ西ヶ原ステージ"", ""REIT"": ""三井不動産アコモデーションファンド投資法人"", ""取得百万"": 4110.0, ""鑑定百万"": 5760.0, ""NOI利回り"": null, ""稼働率"": 97.9, ""町名"": """"}, {""物件"": ""グロースメゾン新横浜"", ""REIT"": ""インヴィンシブル投資法人"", ""取得百万"": 1059.0, ""鑑定百万"": 1460.0, ""NOI利回り"": null, ""稼働率"": 95.7, ""町名"": ""港北区新横浜""}]"
千代田区,3.4,7,7,"[{""物件"": ""パークキューブ神田"", ""REIT"": ""三井不動産アコモデーションファンド投資法人"", ""取得百万"": 2454.0, ""鑑定百万"": 3920.0, ""NOI利回り"": 3.3, ""稼働率"": 100.0, ""町名"": """"}, {""物件"": ""アルファグランデ千桜タワー"", ""REIT"": ""スターツプロシード投資法人"", ""取得百万"": 2800.0, ""鑑定百万"": 3030.0, ""NOI利回り"": 3.8, ""稼働率"": 100.0, ""町名"": """"}, {""物件"": ""カスタリアお茶の水"", ""REIT"": ""大和ハウスリート投資法人"", ""取得百万"": 1770.0, ""鑑定百万"": 2830.0, ""NOI利回り"": 3.4, ""稼働率"": 97.8, ""町名"": """"}, {""物件"": ""神田リープレックス・リズ"", ""REIT"": ""日本リート投資法人"", ""取得百万"": 1813.0, ""鑑定百万"": 2500.0, ""NOI利回り"": 3.4, ""稼働率"": 100.0, ""町名"": """"}, {""物件"": ""カスタリア神保町"", ""REIT"": ""大和ハウスリート投資法人"", ""取得百万"": 1160.0, ""鑑定百万"": 1810.0, ""NOI利回り"": 3.4, ""稼働率"": 98.4, ""町名"": """"}, {""物件"": ""パークアクシス秋葉原"", ""REIT"": ""三井不動産アコモデーションファンド投資法人"", ""取得百万"": 1200.0, ""鑑定百万"": 1750.0, ""NOI利回り"": 3.2, ""稼働率"": 91.6, ""町名"": """"}, {""物件"": ""カスタリア新御茶ノ水"", ""REIT"": ""大和ハウスリート投資法人"", ""取得百万"": 914.0, ""鑑定百万"": 1420.0, ""NOI利回り"": 3.4, ""稼働率"": 97.2, ""町名"": """"}]"
台東区,3.4,20,20,"[{""物件"": ""JMFレジデンス浅草橋三丁目"", ""REIT"": ""日本都市ファンド投資法人"", ""取得百万"": 4320.0, ""鑑定百万"": 4780.0, ""NOI利回り"": 3.2, ""稼働率"": null, ""町名"": ""浅草橋""}, {""物件"": ""パークアクシス浅草橋"", ""REIT"": ""三井不動産アコモデーションファンド投資法人"", ""取得百万"": 2717.0, ""鑑定百万"": 4430.0, ""NOI利回り"": 3.5, ""稼働率"": 98.6, ""町名"": """"}, {""物件"": ""パークキューブ浅草田原町"", ""REIT"": ""三井不動産アコモデーションファンド投資法人"", ""取得百万"": 2508.0, ""鑑定百万"": 4110.0, ""NOI利回り"": 3.4, ""稼働率"": 98.8, ""町名"": """"}, {""物件"": ""カスタリア北上野"", ""REIT"": ""大和ハウスリート投資法人"", ""取得百万"": 2641.0, ""鑑定百万"": 3930.0, ""NOI利回り"": 3.6, ""稼働率"": 99.1, ""町名"": """"}, {""物件"": ""JMFレジデンス蔵前二丁目"", ""REIT"": ""日本都市ファンド投資法人"", ""取得百万"": 3070.0, ""鑑定百万"": 3400.0, ""NOI利回り"": 3.1, ""稼働率"": null, ""町名"": ""蔵前""}, {""物件"": ""パークキューブ上野"", ""REIT"": ""三井不動産アコモデーションファンド投資法人"", ""取得百万"": 2233.0, ""鑑定百万"": 3210.0, ""NOI利回り"": 3.3, ""稼働率"": 100.0, ""町名"": """"}, {""物件"": ""パークアクシス上野"", ""REIT"": ""三井不動産アコモデーションファンド投資法人"", ""取得百万"": 1389.0, ""鑑定百万"": 2320.0, ""NOI利回り"": 3.4, ""稼働率"": 100.0, ""町名"": """"}, {""物件"": ""JMFレジデンス蔵前鳥越"", ""REIT"": ""日本都市ファンド投資法人"", ""取得百万"": 1960.0, ""鑑定百万"": 2230.0, ""NOI利回り"": 3.1, ""稼働率"": null, ""町名"": ""鳥越""}, {""物件"": ""パークアクシス秋葉原Ｅａｓｔ"", ""REIT"": ""三井不動産アコモデーションファンド投資法人"", ""取得百万"": 1369.0, ""鑑定百万"": 2080.0, ""NOI利回り"": 3.4, ""稼働率"": 100.0, ""町名"": """"}, {""物件"": ""パークアクシス新御徒町Ｅａｓｔ"", ""REIT"": ""三井不動産アコモデーションファンド投資法人"", ""取得百万"": 1299.0, ""鑑定百万"": 2060.0, ""NOI利回り"": 3.4, ""稼働率"": 100.0, ""町名"": """"}, {""物件"": ""カスタリア三ノ輪"", ""REIT"": ""大和ハウスリート投資法人"", ""取得百万"": 1430.0, ""鑑定百万"": 1970.0, ""NOI利回り"": 3.6, ""稼働率"": 97.3, ""町名"": """"}, {""物件"": ""カスタリア蔵前"", ""REIT"": ""大和ハウスリート投資法人"", ""取得百万"": 1260.0, ""鑑定百万"": 1850.0, ""NOI利回り"": 3.6, ""稼働率"": 100.0, ""町名"": """"}, {""物件"": ""パークアクシス浅草橋二丁目"", ""REIT"": ""三井不動産アコモデーションファンド投資法人"", ""取得百万"": 1079.0, ""鑑定百万"": 1740.0, ""NOI利回り"": 3.4, ""稼働率"": 98.0, ""町名"": """"}, {""物件"": ""パークアクシス東上野"", ""REIT"": ""三井不動産アコモデーションファンド投資法人"", ""取得百万"": 1250.0, ""鑑定百万"": 1720.0, ""NOI利回り"": 3.3, ""稼働率"": 100.0, ""町名"": """"}, {""物件"": ""パークアクシス御徒町"", ""REIT"": ""三井不動産アコモデーションファンド投資法人"", ""取得百万"": 1070.0, ""鑑定百万"": 1680.0, ""NOI利回り"": 3.4, ""稼働率"": 98.1, ""町名"": """"}, {""物件"": ""パークアクシス浅草・蔵前"", ""REIT"": ""三井不動産アコモデーションファンド投資法人"", ""取得百万"": 1095.0, ""鑑定百万"": 1620.0, ""NOI利回り"": 3.4, ""稼働率"": 100.0, ""町名"": """"}, {""物件"": ""パークキューブ上野桜木"", ""REIT"": ""三井不動産アコモデーションファンド投資法人"", ""取得百万"": 1301.0, ""鑑定百万"": 1480.0, ""NOI利回り"": 3.2, ""稼働率"": 95.0, ""町名"": """"}, {""物件"": ""カスタリア浅草橋"", ""REIT"": ""大和ハウスリート投資法人"", ""取得百万"": 792.0, ""鑑定百万"": 1210.0, ""NOI利回り"": 3.7, ""稼働率"": 87.5, ""町名"": """"}, {""物件"": ""パークアクシス台東根岸"", ""REIT"": ""三井不動産アコモデーションファンド投資法人"", ""取得百万"": 672.0, ""鑑定百万"": 1200.0, ""NOI利回り"": 3.6, ""稼働率"": 98.0, ""町名"": """"}, {""物件"": ""カスタリア入谷"", ""REIT"": ""大和ハウスリート投資法人"", ""取得百万"": 546.0, ""鑑定百万"": 811.0, ""NOI利回り"": 4.1, ""稼働率"": 100.0, ""町名"": """"}]"
品川区,3.5,19,18,"[{""物件"": ""タワーコート北品川"", ""REIT"": ""日本リート投資法人"", ""取得百万"": 11880.0, ""鑑定百万"": 18700.0, ""NOI利回り"": 3.5, ""稼働率"": 98.2, ""町名"": """"}, {""物件"": ""カスタリアタワー品川シーサイド"", ""REIT"": ""大和ハウスリート投資法人"", ""取得百万"": 7380.0, ""鑑定百万"": 11800.0, ""NOI利回り"": 3.5, ""稼働率"": 97.3, ""町名"": """"}, {""物件"": ""パークキューブ東品川"", ""REIT"": ""三井不動産アコモデーションファンド投資法人"", ""取得百万"": 6060.0, ""鑑定百万"": 9780.0, ""NOI利回り"": 3.5, ""稼働率"": 99.1, ""町名"": """"}, {""物件"": ""パークキューブ大井町レジデンス"", ""REIT"": ""三井不動産アコモデーションファンド投資法人"", ""取得百万"": 5807.0, ""鑑定百万"": 7700.0, ""NOI利回り"": 3.0, ""稼働率"": 98.8, ""町名"": """"}, {""物件"": ""カスタリア目黒かむろ坂"", ""REIT"": ""大和ハウスリート投資法人"", ""取得百万"": 4500.0, ""鑑定百万"": 5270.0, ""NOI利回り"": 3.5, ""稼働率"": 99.0, ""町名"": """"}, {""物件"": ""FORESTA戸越銀座"", ""REIT"": ""日本リート投資法人"", ""取得百万"": 2700.0, ""鑑定百万"": 3430.0, ""NOI利回り"": 3.1, ""稼働率"": 96.3, ""町名"": """"}, {""物件"": ""カスタリア目黒長者丸"", ""REIT"": ""大和ハウスリート投資法人"", ""取得百万"": 2030.0, ""鑑定百万"": 2910.0, ""NOI利回り"": 3.2, ""稼働率"": 93.9, ""町名"": """"}, {""物件"": ""カスタリア戸越"", ""REIT"": ""大和ハウスリート投資法人"", ""取得百万"": 1770.0, ""鑑定百万"": 2780.0, ""NOI利回り"": 3.6, ""稼働率"": 99.2, ""町名"": """"}, {""物件"": ""カスタリア中延"", ""REIT"": ""大和ハウスリート投資法人"", ""取得百万"": 1790.0, ""鑑定百万"": 2770.0, ""NOI利回り"": 3.5, ""稼働率"": 100.0, ""町名"": """"}, {""物件"": ""カスタリア戸越駅前"", ""REIT"": ""大和ハウスリート投資法人"", ""取得百万"": 1560.0, ""鑑定百万"": 2430.0, ""NOI利回り"": 3.7, ""稼働率"": 100.0, ""町名"": """"}, {""物件"": ""JMFレジデンス北品川"", ""REIT"": ""日本都市ファンド投資法人"", ""取得百万"": 1900.0, ""鑑定百万"": 2410.0, ""NOI利回り"": 3.2, ""稼働率"": null, ""町名"": ""北品川""}, {""物件"": ""カスタリア大森Ⅲ"", ""REIT"": ""大和ハウスリート投資法人"", ""取得百万"": 1520.0, ""鑑定百万"": 2040.0, ""NOI利回り"": 3.4, ""稼働率"": 97.1, ""町名"": """"}, {""物件"": ""パークキューブ大井町"", ""REIT"": ""三井不動産アコモデーションファンド投資法人"", ""取得百万"": 1440.0, ""鑑定百万"": 2030.0, ""NOI利回り"": 3.3, ""稼働率"": 95.5, ""町名"": """"}, {""物件"": ""カスタリア大井町"", ""REIT"": ""大和ハウスリート投資法人"", ""取得百万"": 1181.0, ""鑑定百万"": 1860.0, ""NOI利回り"": 3.3, ""稼働率"": 96.9, ""町名"": """"}, {""物件"": ""シルフィード東品川"", ""REIT"": ""日本リート投資法人"", ""取得百万"": 961.0, ""鑑定百万"": 1050.0, ""NOI利回り"": 3.5, ""稼働率"": 95.2, ""町名"": """"}, {""物件"": ""プロシード大井町"", ""REIT"": ""スターツプロシード投資法人"", ""取得百万"": 944.0, ""鑑定百万"": 968.0, ""NOI利回り"": 4.6, ""稼働率"": 100.0, ""町名"": """"}, {""物件"": ""ヴァルトパーク南大井"", ""REIT"": ""日本リート投資法人"", ""取得百万"": 715.0, ""鑑定百万"": 751.0, ""NOI利回り"": 3.5, ""稼働率"": 100.0, ""町名"": """"}, {""物件"": ""S-FORT大森山王"", ""REIT"": ""サムティ・レジデンシャル投資法人"", ""取得百万"": 361.0, ""鑑定百万"": 391.0, ""NOI利回り"": 3.6, ""稼働率"": 100.0, ""町名"": """"}, {""物件"": ""グロースメゾン五反田"", ""REIT"": ""インヴィンシブル投資法人"", ""取得百万"": 888.0, ""鑑定百万"": 1220.0, ""NOI利回り"": null, ""稼働率"": 100.0, ""町名"": ""西五反田二丁""}]"
墨田区,3.6,22,22,"[{""物件"": ""パークアクシス菊川ステーションゲート"", ""REIT"": ""三井不動産アコモデーションファンド投資法人"", ""取得百万"": 3200.0, ""鑑定百万"": 4230.0, ""NOI利回り"": 3.3, ""稼働率"": 98.5, ""町名"": """"}, {""物件"": ""パークアクシス押上テラス"", ""REIT"": ""三井不動産アコモデーションファンド投資法人"", ""取得百万"": 2610.0, ""鑑定百万"": 3270.0, ""NOI利回り"": 3.3, ""稼働率"": 97.3, ""町名"": """"}, {""物件"": ""パークアクシス菊川"", ""REIT"": ""三井不動産アコモデーションファンド投資法人"", ""取得百万"": 2410.0, ""鑑定百万"": 3160.0, ""NOI利回り"": 3.3, ""稼働率"": 100.0, ""町名"": """"}, {""物件"": ""パークアクシス錦糸町"", ""REIT"": ""三井不動産アコモデーションファンド投資法人"", ""取得百万"": 1448.0, ""鑑定百万"": 2610.0, ""NOI利回り"": 3.4, ""稼働率"": 100.0, ""町名"": """"}, {""物件"": ""パークキューブ本所吾妻橋"", ""REIT"": ""三井不動産アコモデーションファンド投資法人"", ""取得百万"": 1252.0, ""鑑定百万"": 2310.0, ""NOI利回り"": 3.4, ""稼働率"": 100.0, ""町名"": """"}, {""物件"": ""パークアクシス錦糸町・親水公園"", ""REIT"": ""三井不動産アコモデーションファンド投資法人"", ""取得百万"": 1369.0, ""鑑定百万"": 2130.0, ""NOI利回り"": 3.5, ""稼働率"": 100.0, ""町名"": """"}, {""物件"": ""パークアクシス押上"", ""REIT"": ""三井不動産アコモデーションファンド投資法人"", ""取得百万"": 1193.0, ""鑑定百万"": 2080.0, ""NOI利回り"": 3.6, ""稼働率"": 100.0, ""町名"": """"}, {""物件"": ""TLRレジデンス両国"", ""REIT"": ""タカラレーベン不動産投資法人"", ""取得百万"": 2000.0, ""鑑定百万"": 2030.0, ""NOI利回り"": 3.3, ""稼働率"": 96.6, ""町名"": """"}, {""物件"": ""S-FORT錦糸町"", ""REIT"": ""サムティ・レジデンシャル投資法人"", ""取得百万"": 1510.0, ""鑑定百万"": 1750.0, ""NOI利回り"": 3.9, ""稼働率"": 92.8, ""町名"": """"}, {""物件"": ""パークアクシス錦糸町レジデンス"", ""REIT"": ""三井不動産アコモデーションファンド投資法人"", ""取得百万"": 1251.0, ""鑑定百万"": 1750.0, ""NOI利回り"": 3.4, ""稼働率"": 97.1, ""町名"": """"}, {""物件"": ""パークアクシス住吉"", ""REIT"": ""三井不動産アコモデーションファンド投資法人"", ""取得百万"": 1006.0, ""鑑定百万"": 1590.0, ""NOI利回り"": 3.7, ""稼働率"": 98.6, ""町名"": """"}, {""物件"": ""パークアクシス押上・隅田公園"", ""REIT"": ""三井不動産アコモデーションファンド投資法人"", ""取得百万"": 1055.0, ""鑑定百万"": 1570.0, ""NOI利回り"": 3.6, ""稼働率"": 100.0, ""町名"": """"}, {""物件"": ""カスタリア本所吾妻橋"", ""REIT"": ""大和ハウスリート投資法人"", ""取得百万"": 996.0, ""鑑定百万"": 1520.0, ""NOI利回り"": 3.8, ""稼働率"": 100.0, ""町名"": """"}, {""物件"": ""アーバンパーク両国"", ""REIT"": ""スターアジア不動産投資法人"", ""取得百万"": 1115.0, ""鑑定百万"": 1470.0, ""NOI利回り"": 3.6, ""稼働率"": 97.1, ""町名"": """"}, {""物件"": ""カスタリア押上"", ""REIT"": ""大和ハウスリート投資法人"", ""取得百万"": 1100.0, ""鑑定百万"": 1460.0, ""NOI利回り"": 3.7, ""稼働率"": 95.4, ""町名"": """"}, {""物件"": ""パークキューブ錦糸町"", ""REIT"": ""三井不動産アコモデーションファンド投資法人"", ""取得百万"": 1313.0, ""鑑定百万"": 1350.0, ""NOI利回り"": 3.6, ""稼働率"": 95.1, ""町名"": """"}, {""物件"": ""カスタリア菊川"", ""REIT"": ""大和ハウスリート投資法人"", ""取得百万"": 817.0, ""鑑定百万"": 1060.0, ""NOI利回り"": 3.6, ""稼働率"": 95.8, ""町名"": """"}, {""物件"": ""レジデンス錦糸町"", ""REIT"": ""日本リート投資法人"", ""取得百万"": 700.0, ""鑑定百万"": 770.0, ""NOI利回り"": 3.6, ""稼働率"": 100.0, ""町名"": """"}, {""物件"": ""ミューズ両国Ⅱ"", ""REIT"": ""日本リート投資法人"", ""取得百万"": 630.0, ""鑑定百万"": 737.0, ""NOI利回り"": 3.7, ""稼働率"": 100.0, ""町名"": """"}, {""物件"": ""プロシード両国"", ""REIT"": ""スターツプロシード投資法人"", ""取得百万"": 443.90000000000003, ""鑑定百万"": 642.0, ""NOI利回り"": 3.8, ""稼働率"": 100.0, ""町名"": """"}, {""物件"": ""プロシード錦糸町２"", ""REIT"": ""スターツプロシード投資法人"", ""取得百万"": 537.1, ""鑑定百万"": 556.0, ""NOI利回り"": 3.5, ""稼働率"": 90.1, ""町名"": """"}, {""物件"": ""プロシード本所吾妻橋"", ""REIT"": ""スターツプロシード投資法人"", ""取得百万"": 339.8, ""鑑定百万"": 525.0, ""NOI利回り"": 3.6, ""稼働率"": 100.0, ""町名"": """"}]"
大田区,3.6,17,17,"[{""物件"": ""パークアクシス蒲田ステーションゲート"", ""REIT"": ""三井不動産アコモデーションファンド投資法人"", ""取得百万"": 4144.0, ""鑑定百万"": 5900.0, ""NOI利回り"": 3.4, ""稼働率"": 98.0, ""町名"": """"}, {""物件"": ""カスタリア大森Ⅱ"", ""REIT"": ""大和ハウスリート投資法人"", ""取得百万"": 2370.0, ""鑑定百万"": 3400.0, ""NOI利回り"": 3.4, ""稼働率"": 96.5, ""町名"": """"}, {""物件"": ""カスタリア大森"", ""REIT"": ""大和ハウスリート投資法人"", ""取得百万"": 1500.0, ""鑑定百万"": 2090.0, ""NOI利回り"": 3.6, ""稼働率"": 93.7, ""町名"": """"}, {""物件"": ""パークアクシス馬込レジデンス"", ""REIT"": ""三井不動産アコモデーションファンド投資法人"", ""取得百万"": 1450.0, ""鑑定百万"": 1830.0, ""NOI利回り"": 3.4, ""稼働率"": 98.4, ""町名"": """"}, {""物件"": ""アーバンパーク蒲田南Ⅱ"", ""REIT"": ""スターアジア不動産投資法人"", ""取得百万"": 1375.0, ""鑑定百万"": 1800.0, ""NOI利回り"": 3.8, ""稼働率"": 94.5, ""町名"": """"}, {""物件"": ""パークアクシス蒲田壱番館"", ""REIT"": ""三井不動産アコモデーションファンド投資法人"", ""取得百万"": 1069.0, ""鑑定百万"": 1680.0, ""NOI利回り"": 3.4, ""稼働率"": 98.6, ""町名"": """"}, {""物件"": ""パークアクシス池上"", ""REIT"": ""三井不動産アコモデーションファンド投資法人"", ""取得百万"": 1260.0, ""鑑定百万"": 1550.0, ""NOI利回り"": 3.4, ""稼働率"": 98.2, ""町名"": """"}, {""物件"": ""TLRレジデンス大鳥居"", ""REIT"": ""タカラレーベン不動産投資法人"", ""取得百万"": 1470.0, ""鑑定百万"": 1480.0, ""NOI利回り"": 3.4, ""稼働率"": 100.0, ""町名"": """"}, {""物件"": ""カスタリア雪谷"", ""REIT"": ""大和ハウスリート投資法人"", ""取得百万"": 1110.0, ""鑑定百万"": 1390.0, ""NOI利回り"": 3.5, ""稼働率"": 95.3, ""町名"": """"}, {""物件"": ""プロシード鵜の木"", ""REIT"": ""スターツプロシード投資法人"", ""取得百万"": 917.0, ""鑑定百万"": 1160.0, ""NOI利回り"": 3.8, ""稼働率"": 96.4, ""町名"": """"}, {""物件"": ""プロシード石川台"", ""REIT"": ""スターツプロシード投資法人"", ""取得百万"": 810.0, ""鑑定百万"": 932.0, ""NOI利回り"": 3.6, ""稼働率"": 100.0, ""町名"": """"}, {""物件"": ""アーバンパーク蒲田南Ⅰ"", ""REIT"": ""スターアジア不動産投資法人"", ""取得百万"": 641.0, ""鑑定百万"": 915.0, ""NOI利回り"": 3.6, ""稼働率"": 91.6, ""町名"": """"}, {""物件"": ""プロシード桜坂"", ""REIT"": ""スターツプロシード投資法人"", ""取得百万"": 850.0, ""鑑定百万"": 907.0, ""NOI利回り"": 3.2, ""稼働率"": 100.0, ""町名"": """"}, {""物件"": ""メゾン西馬込"", ""REIT"": ""日本リート投資法人"", ""取得百万"": 791.0, ""鑑定百万"": 870.0, ""NOI利回り"": 3.7, ""稼働率"": 100.0, ""町名"": """"}, {""物件"": ""カスタリア旗の台"", ""REIT"": ""大和ハウスリート投資法人"", ""取得百万"": 392.0, ""鑑定百万"": 443.0, ""NOI利回り"": 3.7, ""稼働率"": 56.2, ""町名"": """"}, {""物件"": ""プロシード雪谷"", ""REIT"": ""スターツプロシード投資法人"", ""取得百万"": 323.0, ""鑑定百万"": 414.0, ""NOI利回り"": 4.3, ""稼働率"": 97.2, ""町名"": """"}, {""物件"": ""S-FORT上池台"", ""REIT"": ""サムティ・レジデンシャル投資法人"", ""取得百万"": 353.0, ""鑑定百万"": 364.0, ""NOI利回り"": 3.7, ""稼働率"": 93.8, ""町名"": """"}]"
小平市,4.5,1,1,"[{""物件"": ""ロイヤルパークス花小金井"", ""REIT"": ""大和ハウスリート投資法人"", ""取得百万"": 5300.0, ""鑑定百万"": 6950.0, ""NOI利回り"": 4.5, ""稼働率"": 100.0, ""町名"": """"}]"
府中市,4.5,1,1,"[{""物件"": ""プロシード中河原"", ""REIT"": ""スターツプロシード投資法人"", ""取得百万"": 1141.0, ""鑑定百万"": 1460.0, ""NOI利回り"": 4.5, ""稼働率"": 96.8, ""町名"": """"}]"
文京区,3.3,7,7,"[{""物件"": ""パークアクシス御茶ノ水ステージ"", ""REIT"": ""三井不動産アコモデーションファンド投資法人"", ""取得百万"": 9710.0, ""鑑定百万"": 15400.0, ""NOI利回り"": 3.3, ""稼働率"": 98.7, ""町名"": """"}, {""物件"": ""パークアクシス文京ステージ"", ""REIT"": ""三井不動産アコモデーションファンド投資法人"", ""取得百万"": 4440.0, ""鑑定百万"": 7250.0, ""NOI利回り"": 3.3, ""稼働率"": 99.5, ""町名"": """"}, {""物件"": ""パークアクシス本郷の杜"", ""REIT"": ""三井不動産アコモデーションファンド投資法人"", ""取得百万"": 2910.0, ""鑑定百万"": 4710.0, ""NOI利回り"": 3.3, ""稼働率"": 96.9, ""町名"": """"}, {""物件"": ""パークキューブ春日安藤坂"", ""REIT"": ""三井不動産アコモデーションファンド投資法人"", ""取得百万"": 2670.0, ""鑑定百万"": 4190.0, ""NOI利回り"": 3.4, ""稼働率"": 96.5, ""町名"": """"}, {""物件"": ""パークキューブ本郷"", ""REIT"": ""三井不動産アコモデーションファンド投資法人"", ""取得百万"": 1760.0, ""鑑定百万"": 2890.0, ""NOI利回り"": 3.3, ""稼働率"": 100.0, ""町名"": """"}, {""物件"": ""カスタリア本駒込"", ""REIT"": ""大和ハウスリート投資法人"", ""取得百万"": 1520.0, ""鑑定百万"": 2000.0, ""NOI利回り"": 3.6, ""稼働率"": 98.7, ""町名"": """"}, {""物件"": ""キャンパステラス早稲田"", ""REIT"": ""三井不動産アコモデーションファンド投資法人"", ""取得百万"": 1810.0, ""鑑定百万"": 1940.0, ""NOI利回り"": 3.8, ""稼働率"": 100.0, ""町名"": """"}]"
新宿区,3.5,14,13,"[{""物件"": ""Primegate 飯田橋"", ""REIT"": ""日本リート投資法人"", ""取得百万"": 5200.0, ""鑑定百万"": 6820.0, ""NOI利回り"": 3.3, ""稼働率"": 97.1, ""町名"": """"}, {""物件"": ""パークキューブ四谷三丁目"", ""REIT"": ""三井不動産アコモデーションファンド投資法人"", ""取得百万"": 2749.0, ""鑑定百万"": 4810.0, ""NOI利回り"": 3.1, ""稼働率"": 100.0, ""町名"": """"}, {""物件"": ""カスタリア新宿"", ""REIT"": ""大和ハウスリート投資法人"", ""取得百万"": 2950.0, ""鑑定百万"": 4300.0, ""NOI利回り"": 3.4, ""稼働率"": 100.0, ""町名"": """"}, {""物件"": ""カスタリア新宿御苑"", ""REIT"": ""大和ハウスリート投資法人"", ""取得百万"": 2720.0, ""鑑定百万"": 3840.0, ""NOI利回り"": 3.5, ""稼働率"": 100.0, ""町名"": """"}, {""物件"": ""パークキューブ市ヶ谷"", ""REIT"": ""三井不動産アコモデーションファンド投資法人"", ""取得百万"": 1949.0, ""鑑定百万"": 2950.0, ""NOI利回り"": 3.3, ""稼働率"": 100.0, ""町名"": """"}, {""物件"": ""パークキューブ西新宿"", ""REIT"": ""三井不動産アコモデーションファンド投資法人"", ""取得百万"": 2400.0, ""鑑定百万"": 2880.0, ""NOI利回り"": 3.5, ""稼働率"": 96.9, ""町名"": """"}, {""物件"": ""プロシード西新宿"", ""REIT"": ""スターツプロシード投資法人"", ""取得百万"": 2549.0, ""鑑定百万"": 2860.0, ""NOI利回り"": 3.4, ""稼働率"": 98.0, ""町名"": """"}, {""物件"": ""パークアクシス神楽坂ステージ"", ""REIT"": ""三井不動産アコモデーションファンド投資法人"", ""取得百万"": 1400.0, ""鑑定百万"": 2160.0, ""NOI利回り"": 3.3, ""稼働率"": 100.0, ""町名"": """"}, {""物件"": ""カスタリア新宿夏目坂"", ""REIT"": ""大和ハウスリート投資法人"", ""取得百万"": 1865.0, ""鑑定百万"": 1900.0, ""NOI利回り"": 3.5, ""稼働率"": 94.0, ""町名"": """"}, {""物件"": ""カスタリア市ヶ谷"", ""REIT"": ""大和ハウスリート投資法人"", ""取得百万"": 940.0, ""鑑定百万"": 1590.0, ""NOI利回り"": 3.6, ""稼働率"": 92.9, ""町名"": """"}, {""物件"": ""レジデンス江戸川橋"", ""REIT"": ""日本リート投資法人"", ""取得百万"": 1230.0, ""鑑定百万"": 1380.0, ""NOI利回り"": 3.7, ""稼働率"": 100.0, ""町名"": """"}, {""物件"": ""カスタリア新宿御苑Ⅱ"", ""REIT"": ""大和ハウスリート投資法人"", ""取得百万"": 486.0, ""鑑定百万"": 649.0, ""NOI利回り"": 3.5, ""稼働率"": 92.6, ""町名"": """"}, {""物件"": ""プロシード高田馬場"", ""REIT"": ""スターツプロシード投資法人"", ""取得百万"": 223.70000000000002, ""鑑定百万"": 288.0, ""NOI利回り"": 4.1, ""稼働率"": 100.0, ""町名"": """"}, {""物件"": ""カスタリア新宿７丁目"", ""REIT"": ""大和ハウスリート投資法人"", ""取得百万"": 464.0, ""鑑定百万"": 646.0, ""NOI利回り"": null, ""稼働率"": 89.5, ""町名"": """"}]"
杉並区,4.1,4,4,"[{""物件"": ""パークアクシス東高円寺"", ""REIT"": ""三井不動産アコモデーションファンド投資法人"", ""取得百万"": 2300.0, ""鑑定百万"": 2960.0, ""NOI利回り"": 3.4, ""稼働率"": 98.4, ""町名"": """"}, {""物件"": ""ドーミー西荻窪"", ""REIT"": ""三井不動産アコモデーションファンド投資法人"", ""取得百万"": 1100.0, ""鑑定百万"": 1280.0, ""NOI利回り"": 4.1, ""稼働率"": 100.0, ""町名"": """"}, {""物件"": ""プロシード新高円寺"", ""REIT"": ""スターツプロシード投資法人"", ""取得百万"": 742.1, ""鑑定百万"": 912.0, ""NOI利回り"": 4.4, ""稼働率"": 100.0, ""町名"": """"}, {""物件"": ""プロシード杉並宮前"", ""REIT"": ""スターツプロシード投資法人"", ""取得百万"": 454.90000000000003, ""鑑定百万"": 514.0, ""NOI利回り"": 4.1, ""稼働率"": 100.0, ""町名"": """"}]"
板橋区,3.5,12,12,"[{""物件"": ""パークキューブ板橋本町"", ""REIT"": ""三井不動産アコモデーションファンド投資法人"", ""取得百万"": 4170.0, ""鑑定百万"": 5170.0, ""NOI利回り"": 3.3, ""稼働率"": 98.5, ""町名"": """"}, {""物件"": ""パークアクシス新板橋"", ""REIT"": ""三井不動産アコモデーションファンド投資法人"", ""取得百万"": 3430.0, ""鑑定百万"": 4000.0, ""NOI利回り"": 3.4, ""稼働率"": 100.0, ""町名"": """"}, {""物件"": ""S-FORT中板橋"", ""REIT"": ""サムティ・レジデンシャル投資法人"", ""取得百万"": 3365.0, ""鑑定百万"": 3620.0, ""NOI利回り"": 3.5, ""稼働率"": 92.8, ""町名"": """"}, {""物件"": ""パークアクシス板橋本町弐番館"", ""REIT"": ""三井不動産アコモデーションファンド投資法人"", ""取得百万"": 1859.0, ""鑑定百万"": 3090.0, ""NOI利回り"": 3.5, ""稼働率"": 95.6, ""町名"": """"}, {""物件"": ""パークアクシス赤塚"", ""REIT"": ""三井不動産アコモデーションファンド投資法人"", ""取得百万"": 2420.0, ""鑑定百万"": 2770.0, ""NOI利回り"": 3.6, ""稼働率"": 98.1, ""町名"": """"}, {""物件"": ""パークキューブ新板橋"", ""REIT"": ""三井不動産アコモデーションファンド投資法人"", ""取得百万"": 1700.0, ""鑑定百万"": 2230.0, ""NOI利回り"": 3.5, ""稼働率"": 97.3, ""町名"": """"}, {""物件"": ""フィロソフィア西台"", ""REIT"": ""三井不動産アコモデーションファンド投資法人"", ""取得百万"": 1249.0, ""鑑定百万"": 1790.0, ""NOI利回り"": 4.3, ""稼働率"": 100.0, ""町名"": """"}, {""物件"": ""パークアクシス板橋本町"", ""REIT"": ""三井不動産アコモデーションファンド投資法人"", ""取得百万"": 987.0, ""鑑定百万"": 1620.0, ""NOI利回り"": 3.5, ""稼働率"": 98.7, ""町名"": """"}, {""物件"": ""JMFレジデンス新板橋"", ""REIT"": ""日本都市ファンド投資法人"", ""取得百万"": 1420.0, ""鑑定百万"": 1620.0, ""NOI利回り"": 3.3, ""稼働率"": null, ""町名"": ""板橋""}, {""物件"": ""ドーミー中板橋"", ""REIT"": ""三井不動産アコモデーションファンド投資法人"", ""取得百万"": 1041.0, ""鑑定百万"": 1540.0, ""NOI利回り"": 4.2, ""稼働率"": 100.0, ""町名"": """"}, {""物件"": ""S-FORT板橋本町"", ""REIT"": ""サムティ・レジデンシャル投資法人"", ""取得百万"": 973.0, ""鑑定百万"": 1040.0, ""NOI利回り"": 3.7, ""稼働率"": 92.6, ""町名"": """"}, {""物件"": ""プロシード東武練馬"", ""REIT"": ""スターツプロシード投資法人"", ""取得百万"": 422.0, ""鑑定百万"": 599.0, ""NOI利回り"": 4.1, ""稼働率"": 97.3, ""町名"": """"}]"
江戸川区,4.2,12,12,"[{""物件"": ""プロシード篠崎タワー"", ""REIT"": ""スターツプロシード投資法人"", ""取得百万"": 1564.0, ""鑑定百万"": 2340.0, ""NOI利回り"": 4.4, ""稼働率"": 100.0, ""町名"": """"}, {""物件"": ""篠崎ツインプレイス"", ""REIT"": ""スターツプロシード投資法人"", ""取得百万"": 1500.0, ""鑑定百万"": 1810.0, ""NOI利回り"": 4.8, ""稼働率"": 100.0, ""町名"": """"}, {""物件"": ""DeLCCS KASAI"", ""REIT"": ""日本リート投資法人"", ""取得百万"": 1320.0, ""鑑定百万"": 1530.0, ""NOI利回り"": 3.7, ""稼働率"": 100.0, ""町名"": """"}, {""物件"": ""パークキューブ小岩"", ""REIT"": ""三井不動産アコモデーションファンド投資法人"", ""取得百万"": 1360.0, ""鑑定百万"": 1490.0, ""NOI利回り"": 5.0, ""稼働率"": 92.5, ""町名"": """"}, {""物件"": ""プロシード篠崎２"", ""REIT"": ""スターツプロシード投資法人"", ""取得百万"": 1130.0, ""鑑定百万"": 1250.0, ""NOI利回り"": 3.7, ""稼働率"": 100.0, ""町名"": """"}, {""物件"": ""プロシード西葛西"", ""REIT"": ""スターツプロシード投資法人"", ""取得百万"": 875.6, ""鑑定百万"": 1130.0, ""NOI利回り"": 4.3, ""稼働率"": 98.5, ""町名"": """"}, {""物件"": ""プロシード葛西２"", ""REIT"": ""スターツプロシード投資法人"", ""取得百万"": 750.0, ""鑑定百万"": 1090.0, ""NOI利回り"": 3.7, ""稼働率"": 87.7, ""町名"": """"}, {""物件"": ""プロシード葛西"", ""REIT"": ""スターツプロシード投資法人"", ""取得百万"": 688.7, ""鑑定百万"": 919.0, ""NOI利回り"": 3.9, ""稼働率"": 100.0, ""町名"": """"}, {""物件"": ""プロシード瑞江"", ""REIT"": ""スターツプロシード投資法人"", ""取得百万"": 602.6, ""鑑定百万"": 838.0, ""NOI利回り"": 4.1, ""稼働率"": 100.0, ""町名"": """"}, {""物件"": ""ライフサポートレジデンス船堀駅前"", ""REIT"": ""スターツプロシード投資法人"", ""取得百万"": 380.0, ""鑑定百万"": 446.0, ""NOI利回り"": 4.0, ""稼働率"": 100.0, ""町名"": """"}, {""物件"": ""プロシード南葛西"", ""REIT"": ""スターツプロシード投資法人"", ""取得百万"": 303.5, ""鑑定百万"": 344.0, ""NOI利回り"": 4.6, ""稼働率"": 100.0, ""町名"": """"}, {""物件"": ""プロシード船堀"", ""REIT"": ""スターツプロシード投資法人"", ""取得百万"": 226.1, ""鑑定百万"": 258.0, ""NOI利回り"": 4.8, ""稼働率"": 95.8, ""町名"": """"}]"
江東区,3.5,24,23,"[{""物件"": ""パークアクシス豊洲"", ""REIT"": ""三井不動産アコモデーションファンド投資法人"", ""取得百万"": 14300.0, ""鑑定百万"": 26800.0, ""NOI利回り"": 3.4, ""稼働率"": 96.5, ""町名"": """"}, {""物件"": ""パークアクシス辰巳ステージ"", ""REIT"": ""三井不動産アコモデーションファンド投資法人"", ""取得百万"": 7464.0, ""鑑定百万"": 14300.0, ""NOI利回り"": 3.6, ""稼働率"": 97.0, ""町名"": """"}, {""物件"": ""ロイヤルパークス豊洲"", ""REIT"": ""大和ハウスリート投資法人"", ""取得百万"": 7360.0, ""鑑定百万"": 11500.0, ""NOI利回り"": 3.9, ""稼働率"": 100.0, ""町名"": """"}, {""物件"": ""パークアクシス東陽町・親水公園"", ""REIT"": ""三井不動産アコモデーションファンド投資法人"", ""取得百万"": 6380.0, ""鑑定百万"": 7800.0, ""NOI利回り"": 3.4, ""稼働率"": 100.0, ""町名"": """"}, {""物件"": ""パークアクシス木場キャナルウエスト"", ""REIT"": ""三井不動産アコモデーションファンド投資法人"", ""取得百万"": 4660.0, ""鑑定百万"": 5920.0, ""NOI利回り"": 3.2, ""稼働率"": 99.3, ""町名"": """"}, {""物件"": ""パークアクシス東陽町"", ""REIT"": ""三井不動産アコモデーションファンド投資法人"", ""取得百万"": 3950.0, ""鑑定百万"": 5290.0, ""NOI利回り"": 3.5, ""稼働率"": 97.9, ""町名"": """"}, {""物件"": ""パークキューブ亀戸"", ""REIT"": ""三井不動産アコモデーションファンド投資法人"", ""取得百万"": 3020.0, ""鑑定百万"": 4320.0, ""NOI利回り"": 3.4, ""稼働率"": 95.5, ""町名"": """"}, {""物件"": ""パークアクシス亀戸"", ""REIT"": ""三井不動産アコモデーションファンド投資法人"", ""取得百万"": 2359.0, ""鑑定百万"": 3780.0, ""NOI利回り"": 3.6, ""稼働率"": 99.2, ""町名"": """"}, {""物件"": ""カスタリア門前仲町Ⅱ"", ""REIT"": ""大和ハウスリート投資法人"", ""取得百万"": 2160.0, ""鑑定百万"": 3370.0, ""NOI利回り"": 3.4, ""稼働率"": 100.0, ""町名"": """"}, {""物件"": ""パークアクシス門前仲町"", ""REIT"": ""三井不動産アコモデーションファンド投資法人"", ""取得百万"": 1700.0, ""鑑定百万"": 2350.0, ""NOI利回り"": 3.3, ""稼働率"": 100.0, ""町名"": """"}, {""物件"": ""パークアクシス木場キャナルイースト"", ""REIT"": ""三井不動産アコモデーションファンド投資法人"", ""取得百万"": 1830.0, ""鑑定百万"": 2330.0, ""NOI利回り"": 3.2, ""稼働率"": 100.0, ""町名"": """"}, {""物件"": ""カスタリア住吉Ⅱ"", ""REIT"": ""大和ハウスリート投資法人"", ""取得百万"": 1420.0, ""鑑定百万"": 1560.0, ""NOI利回り"": 3.5, ""稼働率"": 100.0, ""町名"": """"}, {""物件"": ""プロシード門前仲町"", ""REIT"": ""スターツプロシード投資法人"", ""取得百万"": 1240.0, ""鑑定百万"": 1520.0, ""NOI利回り"": 3.4, ""稼働率"": 100.0, ""町名"": """"}, {""物件"": ""S-FORT亀戸"", ""REIT"": ""サムティ・レジデンシャル投資法人"", ""取得百万"": 1248.0, ""鑑定百万"": 1410.0, ""NOI利回り"": 3.9, ""稼働率"": 97.3, ""町名"": """"}, {""物件"": ""カスタリア森下"", ""REIT"": ""大和ハウスリート投資法人"", ""取得百万"": 832.0, ""鑑定百万"": 1340.0, ""NOI利回り"": 3.5, ""稼働率"": 92.7, ""町名"": """"}, {""物件"": ""カスタリア住吉"", ""REIT"": ""大和ハウスリート投資法人"", ""取得百万"": 948.0, ""鑑定百万"": 1310.0, ""NOI利回り"": 3.6, ""稼働率"": 98.4, ""町名"": """"}, {""物件"": ""S-FORT潮見"", ""REIT"": ""サムティ・レジデンシャル投資法人"", ""取得百万"": 866.0, ""鑑定百万"": 1160.0, ""NOI利回り"": 3.8, ""稼働率"": 100.0, ""町名"": """"}, {""物件"": ""パークアクシス清澄白河"", ""REIT"": ""三井不動産アコモデーションファンド投資法人"", ""取得百万"": 696.0, ""鑑定百万"": 1100.0, ""NOI利回り"": 3.4, ""稼働率"": 100.0, ""町名"": """"}, {""物件"": ""カスタリア森下Ⅱ"", ""REIT"": ""大和ハウスリート投資法人"", ""取得百万"": 686.0, ""鑑定百万"": 1090.0, ""NOI利回り"": 3.6, ""稼働率"": 92.6, ""町名"": """"}, {""物件"": ""プロシード東陽町"", ""REIT"": ""スターツプロシード投資法人"", ""取得百万"": 646.7, ""鑑定百万"": 1000.0, ""NOI利回り"": 4.0, ""稼働率"": 100.0, ""町名"": """"}, {""物件"": ""プロシード南砂町"", ""REIT"": ""スターツプロシード投資法人"", ""取得百万"": 735.0, ""鑑定百万"": 799.0, ""NOI利回り"": 3.7, ""稼働率"": 100.0, ""町名"": """"}, {""物件"": ""カスタリア門前仲町"", ""REIT"": ""大和ハウスリート投資法人"", ""取得百万"": 503.0, ""鑑定百万"": 689.0, ""NOI利回り"": 3.7, ""稼働率"": 100.0, ""町名"": """"}, {""物件"": ""プロシード亀戸"", ""REIT"": ""スターツプロシード投資法人"", ""取得百万"": 339.0, ""鑑定百万"": 358.0, ""NOI利回り"": 4.9, ""稼働率"": 100.0, ""町名"": """"}, {""物件"": ""グロースメゾン亀戸"", ""REIT"": ""インヴィンシブル投資法人"", ""取得百万"": 1070.0, ""鑑定百万"": 1430.0, ""NOI利回り"": null, ""稼働率"": 97.0, ""町名"": ""亀戸""}]"
渋谷区,3.3,18,17,"[{""物件"": ""クイズ恵比寿"", ""REIT"": ""大和ハウスリート投資法人"", ""取得百万"": 7650.0, ""鑑定百万"": 11800.0, ""NOI利回り"": 3.1, ""稼働率"": 95.4, ""町名"": """"}, {""物件"": ""アーバンパーク代官山"", ""REIT"": ""スターアジア不動産投資法人"", ""取得百万"": 6315.0, ""鑑定百万"": 10800.0, ""NOI利回り"": 2.8, ""稼働率"": 93.0, ""町名"": """"}, {""物件"": ""パークアクシス渋谷神南"", ""REIT"": ""三井不動産アコモデーションファンド投資法人"", ""取得百万"": 3230.0, ""鑑定百万"": 4170.0, ""NOI利回り"": 3.2, ""稼働率"": 98.6, ""町名"": """"}, {""物件"": ""ハイメディックレジデンス ザ・ガーデン常磐松"", ""REIT"": ""ヒューリックリート投資法人"", ""取得百万"": null, ""鑑定百万"": 3570.0, ""NOI利回り"": 3.9, ""稼働率"": 80.0, ""町名"": """"}, {""物件"": ""パークキューブ笹塚"", ""REIT"": ""三井不動産アコモデーションファンド投資法人"", ""取得百万"": 2200.0, ""鑑定百万"": 3200.0, ""NOI利回り"": 3.3, ""稼働率"": 100.0, ""町名"": """"}, {""物件"": ""カスタリア初台"", ""REIT"": ""大和ハウスリート投資法人"", ""取得百万"": 2030.0, ""鑑定百万"": 2970.0, ""NOI利回り"": 3.5, ""稼働率"": 98.7, ""町名"": """"}, {""物件"": ""パークキューブ代々木富ヶ谷"", ""REIT"": ""三井不動産アコモデーションファンド投資法人"", ""取得百万"": 1975.0, ""鑑定百万"": 2760.0, ""NOI利回り"": 3.1, ""稼働率"": 94.9, ""町名"": """"}, {""物件"": ""カスタリア初台Ⅱ"", ""REIT"": ""大和ハウスリート投資法人"", ""取得百万"": 1900.0, ""鑑定百万"": 2670.0, ""NOI利回り"": 3.3, ""稼働率"": 100.0, ""町名"": """"}, {""物件"": ""アーバンパーク代々木"", ""REIT"": ""スターアジア不動産投資法人"", ""取得百万"": 1740.0, ""鑑定百万"": 2110.0, ""NOI利回り"": 3.1, ""稼働率"": 87.2, ""町名"": """"}, {""物件"": ""カスタリア参宮橋"", ""REIT"": ""大和ハウスリート投資法人"", ""取得百万"": 1393.0, ""鑑定百万"": 2100.0, ""NOI利回り"": 3.4, ""稼働率"": 100.0, ""町名"": """"}, {""物件"": ""カスタリア恵比寿"", ""REIT"": ""大和ハウスリート投資法人"", ""取得百万"": 1420.0, ""鑑定百万"": 1930.0, ""NOI利回り"": 3.2, ""稼働率"": 97.1, ""町名"": """"}, {""物件"": ""カスタリア渋谷櫻丘"", ""REIT"": ""大和ハウスリート投資法人"", ""取得百万"": 1400.0, ""鑑定百万"": 1630.0, ""NOI利回り"": 3.2, ""稼働率"": 84.6, ""町名"": """"}, {""物件"": ""カスタリア原宿"", ""REIT"": ""大和ハウスリート投資法人"", ""取得百万"": 887.0, ""鑑定百万"": 1220.0, ""NOI利回り"": 3.3, ""稼働率"": 89.5, ""町名"": """"}, {""物件"": ""プロシード松濤"", ""REIT"": ""スターツプロシード投資法人"", ""取得百万"": 937.4, ""鑑定百万"": 1160.0, ""NOI利回り"": 3.7, ""稼働率"": 97.7, ""町名"": """"}, {""物件"": ""カスタリア代々木上原"", ""REIT"": ""大和ハウスリート投資法人"", ""取得百万"": 608.0, ""鑑定百万"": 896.0, ""NOI利回り"": 3.4, ""稼働率"": 96.2, ""町名"": """"}, {""物件"": ""カスタリア千駄ヶ谷"", ""REIT"": ""大和ハウスリート投資法人"", ""取得百万"": 555.0, ""鑑定百万"": 804.0, ""NOI利回り"": 3.4, ""稼働率"": 94.5, ""町名"": """"}, {""物件"": ""プロシード参宮橋"", ""REIT"": ""スターツプロシード投資法人"", ""取得百万"": 497.6, ""鑑定百万"": 561.0, ""NOI利回り"": 3.8, ""稼働率"": 100.0, ""町名"": """"}, {""物件"": ""ハイメディックレジデンスザ・ガーデン常磐松"", ""REIT"": ""ヒューリックリート投資法人"", ""取得百万"": 3030.0, ""鑑定百万"": 3570.0, ""NOI利回り"": null, ""稼働率"": 100.0, ""町名"": """"}]"
港区,3.3,26,24,"[{""物件"": ""パークキューブ愛宕山タワー"", ""REIT"": ""三井不動産アコモデーションファンド投資法人"", ""取得百万"": 8650.0, ""鑑定百万"": 12400.0, ""NOI利回り"": 3.0, ""稼働率"": 96.2, ""町名"": """"}, {""物件"": ""カスタリア高輪"", ""REIT"": ""大和ハウスリート投資法人"", ""取得百万"": 7430.0, ""鑑定百万"": 11700.0, ""NOI利回り"": 3.3, ""稼働率"": 96.3, ""町名"": """"}, {""物件"": ""パークアクシス白金台"", ""REIT"": ""三井不動産アコモデーションファンド投資法人"", ""取得百万"": 5140.0, ""鑑定百万"": 7600.0, ""NOI利回り"": 3.1, ""稼働率"": 95.9, ""町名"": """"}, {""物件"": ""パークアクシス南麻布"", ""REIT"": ""三井不動産アコモデーションファンド投資法人"", ""取得百万"": 3939.0, ""鑑定百万"": 5510.0, ""NOI利回り"": 3.1, ""稼働率"": 98.2, ""町名"": """"}, {""物件"": ""カスタリア麻布十番七面坂"", ""REIT"": ""大和ハウスリート投資法人"", ""取得百万"": 4500.0, ""鑑定百万"": 5260.0, ""NOI利回り"": 3.4, ""稼働率"": 98.4, ""町名"": """"}, {""物件"": ""パークアクシス溜池山王"", ""REIT"": ""三井不動産アコモデーションファンド投資法人"", ""取得百万"": 2860.0, ""鑑定百万"": 4200.0, ""NOI利回り"": 3.1, ""稼働率"": 100.0, ""町名"": """"}, {""物件"": ""カスタリア麻布十番"", ""REIT"": ""大和ハウスリート投資法人"", ""取得百万"": 2910.0, ""鑑定百万"": 3330.0, ""NOI利回り"": 3.4, ""稼働率"": 95.7, ""町名"": """"}, {""物件"": ""カスタリア芝公園"", ""REIT"": ""大和ハウスリート投資法人"", ""取得百万"": 2630.0, ""鑑定百万"": 3170.0, ""NOI利回り"": 3.4, ""稼働率"": 93.0, ""町名"": """"}, {""物件"": ""レジデンス広尾"", ""REIT"": ""日本リート投資法人"", ""取得百万"": 2590.0, ""鑑定百万"": 3110.0, ""NOI利回り"": 3.2, ""稼働率"": 98.2, ""町名"": """"}, {""物件"": ""アーバンパーク麻布十番"", ""REIT"": ""スターアジア不動産投資法人"", ""取得百万"": 2045.0, ""鑑定百万"": 3100.0, ""NOI利回り"": 3.0, ""稼働率"": 93.3, ""町名"": """"}, {""物件"": ""カスタリア西麻布霞町"", ""REIT"": ""大和ハウスリート投資法人"", ""取得百万"": 2143.0, ""鑑定百万"": 3050.0, ""NOI利回り"": 3.4, ""稼働率"": 96.9, ""町名"": """"}, {""物件"": ""パークアクシス六本木檜町公園"", ""REIT"": ""三井不動産アコモデーションファンド投資法人"", ""取得百万"": 2170.0, ""鑑定百万"": 2990.0, ""NOI利回り"": 3.2, ""稼働率"": 92.8, ""町名"": """"}, {""物件"": ""カスタリア麻布十番Ⅱ"", ""REIT"": ""大和ハウスリート投資法人"", ""取得百万"": 2690.0, ""鑑定百万"": 2970.0, ""NOI利回り"": 3.3, ""稼働率"": 92.8, ""町名"": """"}, {""物件"": ""パークアクシス浜松町"", ""REIT"": ""三井不動産アコモデーションファンド投資法人"", ""取得百万"": 2025.0, ""鑑定百万"": 2930.0, ""NOI利回り"": 3.4, ""稼働率"": 100.0, ""町名"": """"}, {""物件"": ""プロシード弁天町"", ""REIT"": ""スターツプロシード投資法人"", ""取得百万"": 2170.0, ""鑑定百万"": 2490.0, ""NOI利回り"": 4.1, ""稼働率"": 100.0, ""町名"": ""港区""}, {""物件"": ""カスタリア広尾"", ""REIT"": ""大和ハウスリート投資法人"", ""取得百万"": 2220.0, ""鑑定百万"": 2460.0, ""NOI利回り"": 3.2, ""稼働率"": 100.0, ""町名"": """"}, {""物件"": ""パークアクシス青山骨董通り"", ""REIT"": ""三井不動産アコモデーションファンド投資法人"", ""取得百万"": 1730.0, ""鑑定百万"": 2260.0, ""NOI利回り"": 3.2, ""稼働率"": 96.7, ""町名"": """"}, {""物件"": ""カスタリア高輪台Ⅱ"", ""REIT"": ""大和ハウスリート投資法人"", ""取得百万"": 1190.0, ""鑑定百万"": 1710.0, ""NOI利回り"": 3.3, ""稼働率"": 100.0, ""町名"": """"}, {""物件"": ""プロシード三田"", ""REIT"": ""スターツプロシード投資法人"", ""取得百万"": 1537.2, ""鑑定百万"": 1590.0, ""NOI利回り"": 3.6, ""稼働率"": 100.0, ""町名"": """"}, {""物件"": ""パークアクシス芝浦"", ""REIT"": ""三井不動産アコモデーションファンド投資法人"", ""取得百万"": 1045.0, ""鑑定百万"": 1570.0, ""NOI利回り"": 3.4, ""稼働率"": 100.0, ""町名"": """"}, {""物件"": ""カスタリア高輪台"", ""REIT"": ""大和ハウスリート投資法人"", ""取得百万"": 860.0, ""鑑定百万"": 1370.0, ""NOI利回り"": 3.3, ""稼働率"": 100.0, ""町名"": """"}, {""物件"": ""S-RESIDENCE三田慶大前"", ""REIT"": ""サムティ・レジデンシャル投資法人"", ""取得百万"": 1116.0, ""鑑定百万"": 1230.0, ""NOI利回り"": 3.1, ""稼働率"": 96.7, ""町名"": """"}, {""物件"": ""カスタリア南麻布"", ""REIT"": ""大和ハウスリート投資法人"", ""取得百万"": 642.0, ""鑑定百万"": 987.0, ""NOI利回り"": 3.2, ""稼働率"": 100.0, ""町名"": """"}, {""物件"": ""S-FORT弁天町"", ""REIT"": ""サムティ・レジデンシャル投資法人"", ""取得百万"": 607.0, ""鑑定百万"": 622.0, ""NOI利回り"": 4.2, ""稼働率"": 100.0, ""町名"": ""大阪市港区""}, {""物件"": ""芝浦アイランドエアタワー"", ""REIT"": ""三井不動産アコモデーションファンド投資法人"", ""取得百万"": 7905.0, ""鑑定百万"": 11900.0, ""NOI利回り"": null, ""稼働率"": 97.8, ""町名"": """"}, {""物件"": ""芝浦アイランドブルームタワー"", ""REIT"": ""大和ハウスリート投資法人"", ""取得百万"": 7580.0, ""鑑定百万"": 9880.0, ""NOI利回り"": null, ""稼働率"": 97.2, ""町名"": """"}]"
町田市,3.6,5,5,"[{""物件"": ""JMFレジデンス町田"", ""REIT"": ""日本都市ファンド投資法人"", ""取得百万"": 4059.0, ""鑑定百万"": 4680.0, ""NOI利回り"": 3.6, ""稼働率"": null, ""町名"": ""田市原町田""}, {""物件"": ""TLRレジデンス町田"", ""REIT"": ""タカラレーベン不動産投資法人"", ""取得百万"": 2199.0, ""鑑定百万"": 2370.0, ""NOI利回り"": 3.6, ""稼働率"": 98.9, ""町名"": ""田市""}, {""物件"": ""S-RESIDENCE玉川学園前"", ""REIT"": ""サムティ・レジデンシャル投資法人"", ""取得百万"": 927.0, ""鑑定百万"": 970.0, ""NOI利回り"": 4.0, ""稼働率"": 100.0, ""町名"": ""田市""}, {""物件"": ""S-FORT鶴川"", ""REIT"": ""サムティ・レジデンシャル投資法人"", ""取得百万"": 520.0, ""鑑定百万"": 733.0, ""NOI利回り"": 3.6, ""稼働率"": 100.0, ""町名"": ""田市""}, {""物件"": ""S-FORT玉川学園前"", ""REIT"": ""サムティ・レジデンシャル投資法人"", ""取得百万"": 587.0, ""鑑定百万"": 711.0, ""NOI利回り"": 3.6, ""稼働率"": 93.3, ""町名"": ""田市""}]"
目黒区,3.35,12,12,"[{""物件"": ""パークキューブ目黒タワー"", ""REIT"": ""三井不動産アコモデーションファンド投資法人"", ""取得百万"": 9000.0, ""鑑定百万"": 17500.0, ""NOI利回り"": 3.1, ""稼働率"": 99.6, ""町名"": """"}, {""物件"": ""カスタリア中目黒"", ""REIT"": ""大和ハウスリート投資法人"", ""取得百万"": 3800.0, ""鑑定百万"": 5470.0, ""NOI利回り"": 3.2, ""稼働率"": 100.0, ""町名"": """"}, {""物件"": ""カスタリア目黒鷹番"", ""REIT"": ""大和ハウスリート投資法人"", ""取得百万"": 1750.0, ""鑑定百万"": 2270.0, ""NOI利回り"": 3.5, ""稼働率"": 100.0, ""町名"": """"}, {""物件"": ""パークアクシス目黒本町"", ""REIT"": ""三井不動産アコモデーションファンド投資法人"", ""取得百万"": 1810.0, ""鑑定百万"": 2240.0, ""NOI利回り"": 3.2, ""稼働率"": 100.0, ""町名"": """"}, {""物件"": ""カスタリア自由が丘"", ""REIT"": ""大和ハウスリート投資法人"", ""取得百万"": 1200.0, ""鑑定百万"": 1790.0, ""NOI利回り"": 3.3, ""稼働率"": 100.0, ""町名"": """"}, {""物件"": ""カスタリア祐天寺"", ""REIT"": ""大和ハウスリート投資法人"", ""取得百万"": 1450.0, ""鑑定百万"": 1560.0, ""NOI利回り"": 3.4, ""稼働率"": 95.0, ""町名"": """"}, {""物件"": ""カスタリア目黒平町"", ""REIT"": ""大和ハウスリート投資法人"", ""取得百万"": 1165.0, ""鑑定百万"": 1510.0, ""NOI利回り"": 3.3, ""稼働率"": 100.0, ""町名"": """"}, {""物件"": ""カスタリア目黒"", ""REIT"": ""大和ハウスリート投資法人"", ""取得百万"": 844.0, ""鑑定百万"": 1410.0, ""NOI利回り"": 3.5, ""稼働率"": 100.0, ""町名"": """"}, {""物件"": ""パークキューブ学芸大学"", ""REIT"": ""三井不動産アコモデーションファンド投資法人"", ""取得百万"": 910.0, ""鑑定百万"": 1100.0, ""NOI利回り"": 3.2, ""稼働率"": 100.0, ""町名"": """"}, {""物件"": ""カスタリア八雲"", ""REIT"": ""大和ハウスリート投資法人"", ""取得百万"": 857.0, ""鑑定百万"": 995.0, ""NOI利回り"": 3.4, ""稼働率"": 100.0, ""町名"": """"}, {""物件"": ""プロシード都立大学２"", ""REIT"": ""スターツプロシード投資法人"", ""取得百万"": 772.2, ""鑑定百万"": 900.0, ""NOI利回り"": 3.8, ""稼働率"": 100.0, ""町名"": """"}, {""物件"": ""プロシード目黒青葉台"", ""REIT"": ""スターツプロシード投資法人"", ""取得百万"": 466.7, ""鑑定百万"": 500.0, ""NOI利回り"": 4.0, ""稼働率"": 100.0, ""町名"": """"}]"
稲城市,4.6,1,1,"[{""物件"": ""ロイヤルパークス若葉台"", ""REIT"": ""大和ハウスリート投資法人"", ""取得百万"": 4360.0, ""鑑定百万"": 4730.0, ""NOI利回り"": 4.6, ""稼働率"": 100.0, ""町名"": """"}]"
練馬区,3.6,1,1,"[{""物件"": ""パークキューブ平和台"", ""REIT"": ""三井不動産アコモデーションファンド投資法人"", ""取得百万"": 1204.0, ""鑑定百万"": 1960.0, ""NOI利回り"": 3.6, ""稼働率"": 97.0, ""町名"": """"}]"
荒川区,3.8,1,1,"[{""物件"": ""カスタリア荒川"", ""REIT"": ""大和ハウスリート投資法人"", ""取得百万"": 1660.0, ""鑑定百万"": 2720.0, ""NOI利回り"": 3.8, ""稼働率"": 98.4, ""町名"": """"}]"
葛飾区,3.55,2,2,"[{""物件"": ""TLRレジデンス亀有"", ""REIT"": ""タカラレーベン不動産投資法人"", ""取得百万"": 1900.0, ""鑑定百万"": 1810.0, ""NOI利回り"": 3.5, ""稼働率"": 95.2, ""町名"": """"}, {""物件"": ""パークキューブ亀有"", ""REIT"": ""三井不動産アコモデーションファンド投資法人"", ""取得百万"": 976.0, ""鑑定百万"": 1010.0, ""NOI利回り"": 3.6, ""稼働率"": 91.8, ""町名"": """"}]"
西東京市,3.9,1,1,"[{""物件"": ""S-FORT保谷"", ""REIT"": ""サムティ・レジデンシャル投資法人"", ""取得百万"": 645.0, ""鑑定百万"": 927.0, ""NOI利回り"": 3.9, ""稼働率"": 100.0, ""町名"": """"}]"
調布市,3.8,1,1,"[{""物件"": ""プロシード調布"", ""REIT"": ""スターツプロシード投資法人"", ""取得百万"": 460.5, ""鑑定百万"": 642.0, ""NOI利回り"": 3.8, ""稼働率"": 90.1, ""町名"": """"}]"
豊島区,3.5,9,9,"[{""物件"": ""カスタリア池袋"", ""REIT"": ""大和ハウスリート投資法人"", ""取得百万"": 2570.0, ""鑑定百万"": 3430.0, ""NOI利回り"": 3.6, ""稼働率"": 100.0, ""町名"": """"}, {""物件"": ""パークアクシス大塚"", ""REIT"": ""三井不動産アコモデーションファンド投資法人"", ""取得百万"": 1655.0, ""鑑定百万"": 2690.0, ""NOI利回り"": 3.4, ""稼働率"": 91.7, ""町名"": """"}, {""物件"": ""パークアクシス駒込"", ""REIT"": ""三井不動産アコモデーションファンド投資法人"", ""取得百万"": 1389.0, ""鑑定百万"": 2550.0, ""NOI利回り"": 3.3, ""稼働率"": 96.1, ""町名"": """"}, {""物件"": ""パークアクシス高田馬場"", ""REIT"": ""三井不動産アコモデーションファンド投資法人"", ""取得百万"": 1222.0, ""鑑定百万"": 1950.0, ""NOI利回り"": 3.3, ""稼働率"": 100.0, ""町名"": """"}, {""物件"": ""カスタリア大塚"", ""REIT"": ""大和ハウスリート投資法人"", ""取得百万"": 1480.0, ""鑑定百万"": 1880.0, ""NOI利回り"": 3.5, ""稼働率"": 96.8, ""町名"": """"}, {""物件"": ""JMFレジデンス池袋一丁目"", ""REIT"": ""日本都市ファンド投資法人"", ""取得百万"": 1670.0, ""鑑定百万"": 1860.0, ""NOI利回り"": 3.4, ""稼働率"": null, ""町名"": ""池袋""}, {""物件"": ""カスタリア要町"", ""REIT"": ""大和ハウスリート投資法人"", ""取得百万"": 1140.0, ""鑑定百万"": 1630.0, ""NOI利回り"": 3.5, ""稼働率"": 100.0, ""町名"": """"}, {""物件"": ""カスタリア大塚Ⅱ"", ""REIT"": ""大和ハウスリート投資法人"", ""取得百万"": 1040.0, ""鑑定百万"": 1580.0, ""NOI利回り"": 3.5, ""稼働率"": 95.7, ""町名"": """"}, {""物件"": ""カスタリア目白"", ""REIT"": ""大和ハウスリート投資法人"", ""取得百万"": 988.0, ""鑑定百万"": 1360.0, ""NOI利回り"": 3.8, ""稼働率"": 96.9, ""町名"": """"}]"
足立区,4.7,7,7,"[{""物件"": ""プロシード西新井"", ""REIT"": ""スターツプロシード投資法人"", ""取得百万"": 5172.0, ""鑑定百万"": 6870.0, ""NOI利回り"": 4.0, ""稼働率"": 97.8, ""町名"": """"}, {""物件"": ""ロイヤルパークスシーサー"", ""REIT"": ""大和ハウスリート投資法人"", ""取得百万"": 4350.0, ""鑑定百万"": 5230.0, ""NOI利回り"": 4.7, ""稼働率"": 100.0, ""町名"": """"}, {""物件"": ""ロイヤルパークス梅島"", ""REIT"": ""大和ハウスリート投資法人"", ""取得百万"": 2020.0, ""鑑定百万"": 2370.0, ""NOI利回り"": 4.7, ""稼働率"": 100.0, ""町名"": """"}, {""物件"": ""S-RESIDENCE北千住reiz"", ""REIT"": ""サムティ・レジデンシャル投資法人"", ""取得百万"": 1200.0, ""鑑定百万"": 1310.0, ""NOI利回り"": 3.6, ""稼働率"": 96.1, ""町名"": """"}, {""物件"": ""アーバンパーク梅島"", ""REIT"": ""スターアジア不動産投資法人"", ""取得百万"": 1032.0, ""鑑定百万"": 1240.0, ""NOI利回り"": 3.7, ""稼働率"": 88.7, ""町名"": """"}, {""物件"": ""プロシード竹ノ塚"", ""REIT"": ""スターツプロシード投資法人"", ""取得百万"": 169.4, ""鑑定百万"": 265.0, ""NOI利回り"": 4.7, ""稼働率"": 100.0, ""町名"": """"}, {""物件"": ""プロシードＴＸ六町"", ""REIT"": ""スターツプロシード投資法人"", ""取得百万"": 156.8, ""鑑定百万"": 191.0, ""NOI利回り"": 4.7, ""稼働率"": 100.0, ""町名"": """"}]"
